"number","n_gene","cat"
"V",64039,"COG_category"
"K",50551,"COG_category"
"P",39737,"COG_category"
"M",33698,"COG_category"
"J",29430,"COG_category"
"G",28546,"COG_category"
"E",25822,"COG_category"
"U",17428,"COG_category"
"S",14263,"COG_category"
"T",9333,"COG_category"
"H",6723,"COG_category"
"I",2609,"COG_category"
"L",2434,"COG_category"
"F",1784,"COG_category"
"C",1249,"COG_category"
"D",320,"COG_category"
"N",127,"COG_category"
"O",115,"COG_category"
"Q",105,"COG_category"
"B",2,"COG_category"
"A",1,"COG_category"
"Z",1,"COG_category"
"GO:0003674",147973,"GOs"
"GO:0008150",145094,"GOs"
"GO:0005575",144870,"GOs"
"GO:0005623",140955,"GOs"
"GO:0044464",140955,"GOs"
"GO:0016020",109214,"GOs"
"GO:0071944",107551,"GOs"
"GO:0005886",103330,"GOs"
"GO:0050896",97609,"GOs"
"GO:0042221",85115,"GOs"
"GO:0009987",78979,"GOs"
"GO:0005488",75057,"GOs"
"GO:0051179",73076,"GOs"
"GO:0051234",73055,"GOs"
"GO:0006810",73044,"GOs"
"GO:0044425",69562,"GOs"
"GO:0055085",69546,"GOs"
"GO:0031224",69370,"GOs"
"GO:0005215",66646,"GOs"
"GO:0022857",64679,"GOs"
"GO:0044459",61907,"GOs"
"GO:0016021",61826,"GOs"
"GO:0031226",61685,"GOs"
"GO:0065007",54944,"GOs"
"GO:0042493",53435,"GOs"
"GO:0008152",51854,"GOs"
"GO:0044237",51548,"GOs"
"GO:0097159",51242,"GOs"
"GO:1901363",51242,"GOs"
"GO:0005887",50272,"GOs"
"GO:0050789",46794,"GOs"
"GO:0050794",46786,"GOs"
"GO:0071704",46707,"GOs"
"GO:0015893",44126,"GOs"
"GO:0044238",44092,"GOs"
"GO:0006811",43709,"GOs"
"GO:0043170",43518,"GOs"
"GO:0005515",42499,"GOs"
"GO:0006855",40724,"GOs"
"GO:0019222",40698,"GOs"
"GO:0060255",40692,"GOs"
"GO:0031323",40690,"GOs"
"GO:0080090",40687,"GOs"
"GO:0051171",40684,"GOs"
"GO:0010468",40640,"GOs"
"GO:0009889",40632,"GOs"
"GO:0010556",40632,"GOs"
"GO:0031326",40632,"GOs"
"GO:2000112",40583,"GOs"
"GO:0042802",40494,"GOs"
"GO:0003676",39932,"GOs"
"GO:0022804",39664,"GOs"
"GO:0003824",39063,"GOs"
"GO:0071702",38805,"GOs"
"GO:0044260",38692,"GOs"
"GO:0034220",38147,"GOs"
"GO:0015238",36789,"GOs"
"GO:0006807",36528,"GOs"
"GO:0015075",36309,"GOs"
"GO:0019219",36183,"GOs"
"GO:0051252",36181,"GOs"
"GO:1903506",36130,"GOs"
"GO:2001141",36130,"GOs"
"GO:0006355",36081,"GOs"
"GO:0009058",35408,"GOs"
"GO:1901576",35408,"GOs"
"GO:0044249",35407,"GOs"
"GO:0003677",35387,"GOs"
"GO:0015291",34381,"GOs"
"GO:0015297",34375,"GOs"
"GO:0005622",33671,"GOs"
"GO:0044424",33671,"GOs"
"GO:0005737",33641,"GOs"
"GO:0009059",32261,"GOs"
"GO:0034645",32260,"GOs"
"GO:0034641",30053,"GOs"
"GO:1901360",29520,"GOs"
"GO:0046483",29512,"GOs"
"GO:0006812",29433,"GOs"
"GO:0098655",29429,"GOs"
"GO:0008324",29417,"GOs"
"GO:0006725",29398,"GOs"
"GO:0006139",29348,"GOs"
"GO:0090304",28977,"GOs"
"GO:0016070",28778,"GOs"
"GO:0032991",28739,"GOs"
"GO:0046677",28240,"GOs"
"GO:0044444",28000,"GOs"
"GO:0005829",27513,"GOs"
"GO:0051716",26791,"GOs"
"GO:0015318",26563,"GOs"
"GO:0048519",26257,"GOs"
"GO:0009892",26256,"GOs"
"GO:0010605",26252,"GOs"
"GO:0010629",26250,"GOs"
"GO:0048523",26200,"GOs"
"GO:0031324",26199,"GOs"
"GO:0051172",26194,"GOs"
"GO:0009890",26193,"GOs"
"GO:0010558",26193,"GOs"
"GO:0031327",26193,"GOs"
"GO:2000113",26193,"GOs"
"GO:0044271",25117,"GOs"
"GO:0098660",24832,"GOs"
"GO:0010467",24758,"GOs"
"GO:1901362",23425,"GOs"
"GO:0018130",23424,"GOs"
"GO:0019438",23304,"GOs"
"GO:0034654",23260,"GOs"
"GO:0006351",22896,"GOs"
"GO:0032774",22896,"GOs"
"GO:0097659",22896,"GOs"
"GO:0043565",21920,"GOs"
"GO:0045934",21693,"GOs"
"GO:0045892",21691,"GOs"
"GO:0051253",21691,"GOs"
"GO:1902679",21691,"GOs"
"GO:1903507",21691,"GOs"
"GO:0071705",20367,"GOs"
"GO:0016740",19777,"GOs"
"GO:0098662",19681,"GOs"
"GO:0022890",19679,"GOs"
"GO:0046618",19671,"GOs"
"GO:0015672",19565,"GOs"
"GO:1902600",19565,"GOs"
"GO:0015077",19563,"GOs"
"GO:0015078",19563,"GOs"
"GO:0015298",19558,"GOs"
"GO:0015299",19558,"GOs"
"GO:0008144",19354,"GOs"
"GO:0001067",18729,"GOs"
"GO:0044212",18729,"GOs"
"GO:0043167",18101,"GOs"
"GO:0015307",17941,"GOs"
"GO:0098796",17887,"GOs"
"GO:0036094",17674,"GOs"
"GO:0043168",17674,"GOs"
"GO:0006950",16898,"GOs"
"GO:0140110",16832,"GOs"
"GO:0003700",16780,"GOs"
"GO:1902495",16041,"GOs"
"GO:1990351",16041,"GOs"
"GO:0048518",14368,"GOs"
"GO:0048522",14368,"GOs"
"GO:0009893",14364,"GOs"
"GO:0010604",14364,"GOs"
"GO:0031325",14364,"GOs"
"GO:0051173",14364,"GOs"
"GO:0045935",14315,"GOs"
"GO:0051254",14315,"GOs"
"GO:0009891",14264,"GOs"
"GO:0010557",14264,"GOs"
"GO:0010628",14264,"GOs"
"GO:0031328",14264,"GOs"
"GO:0045893",14264,"GOs"
"GO:1902680",14264,"GOs"
"GO:1903508",14264,"GOs"
"GO:0033036",14221,"GOs"
"GO:0016787",13509,"GOs"
"GO:0000166",13331,"GOs"
"GO:1901265",13331,"GOs"
"GO:0017076",13218,"GOs"
"GO:0032553",13218,"GOs"
"GO:0032555",13218,"GOs"
"GO:0097367",13218,"GOs"
"GO:0003690",12896,"GOs"
"GO:1990837",12895,"GOs"
"GO:0000976",12894,"GOs"
"GO:0070887",12545,"GOs"
"GO:0006820",12469,"GOs"
"GO:0010876",12440,"GOs"
"GO:0006869",12439,"GOs"
"GO:0015711",12397,"GOs"
"GO:1901264",11882,"GOs"
"GO:0006793",11873,"GOs"
"GO:0007154",11768,"GOs"
"GO:0006796",11759,"GOs"
"GO:0015695",11421,"GOs"
"GO:0015696",11421,"GOs"
"GO:0008519",11420,"GOs"
"GO:0015101",11420,"GOs"
"GO:0015199",11420,"GOs"
"GO:0015651",11420,"GOs"
"GO:0015697",11420,"GOs"
"GO:0015838",11420,"GOs"
"GO:0031460",11420,"GOs"
"GO:0072337",11420,"GOs"
"GO:0072349",11420,"GOs"
"GO:0072488",11420,"GOs"
"GO:0005326",11415,"GOs"
"GO:0006836",11415,"GOs"
"GO:0015220",11415,"GOs"
"GO:0015871",11415,"GOs"
"GO:1990281",10913,"GOs"
"GO:0009628",10787,"GOs"
"GO:0016757",10660,"GOs"
"GO:0000984",10546,"GOs"
"GO:0001017",10546,"GOs"
"GO:0042908",10533,"GOs"
"GO:0042910",10533,"GOs"
"GO:0000987",10003,"GOs"
"GO:0000986",10001,"GOs"
"GO:0031975",9918,"GOs"
"GO:0030313",9917,"GOs"
"GO:0033554",9847,"GOs"
"GO:0006974",9775,"GOs"
"GO:0015846",9739,"GOs"
"GO:0015203",9738,"GOs"
"GO:0015606",9738,"GOs"
"GO:0015848",9738,"GOs"
"GO:1902047",9738,"GOs"
"GO:1903711",9738,"GOs"
"GO:0016817",9691,"GOs"
"GO:0016818",9691,"GOs"
"GO:0016462",9683,"GOs"
"GO:0015850",9114,"GOs"
"GO:0042886",8894,"GOs"
"GO:1901564",8593,"GOs"
"GO:0032993",8507,"GOs"
"GO:0016772",8452,"GOs"
"GO:0071840",8403,"GOs"
"GO:1901505",8352,"GOs"
"GO:0016043",8296,"GOs"
"GO:0065008",8253,"GOs"
"GO:0019538",8151,"GOs"
"GO:0099516",7979,"GOs"
"GO:1901135",7953,"GOs"
"GO:0044267",7901,"GOs"
"GO:1901137",7874,"GOs"
"GO:0030312",7837,"GOs"
"GO:0009636",7722,"GOs"
"GO:0035639",7600,"GOs"
"GO:0005524",7598,"GOs"
"GO:0030554",7598,"GOs"
"GO:0032559",7598,"GOs"
"GO:0005975",7561,"GOs"
"GO:0044262",7558,"GOs"
"GO:0016051",7552,"GOs"
"GO:0000271",7551,"GOs"
"GO:0005976",7551,"GOs"
"GO:0034637",7551,"GOs"
"GO:0033692",7550,"GOs"
"GO:0044264",7550,"GOs"
"GO:0009605",7501,"GOs"
"GO:0042597",7343,"GOs"
"GO:0042891",7141,"GOs"
"GO:0061024",6783,"GOs"
"GO:0015920",6772,"GOs"
"GO:0043412",6328,"GOs"
"GO:0016763",6313,"GOs"
"GO:0017111",6266,"GOs"
"GO:0016887",6258,"GOs"
"GO:0042623",6246,"GOs"
"GO:0006464",6205,"GOs"
"GO:0036211",6205,"GOs"
"GO:0001130",6187,"GOs"
"GO:0046983",6168,"GOs"
"GO:0007165",6093,"GOs"
"GO:0023052",6093,"GOs"
"GO:0016310",6083,"GOs"
"GO:0006468",6072,"GOs"
"GO:0046777",6071,"GOs"
"GO:0023014",6061,"GOs"
"GO:0019867",6054,"GOs"
"GO:0009279",6025,"GOs"
"GO:0044462",6025,"GOs"
"GO:0006629",6021,"GOs"
"GO:0044255",6016,"GOs"
"GO:0008610",6015,"GOs"
"GO:0008653",5844,"GOs"
"GO:0009103",5844,"GOs"
"GO:1903509",5844,"GOs"
"GO:0009991",5676,"GOs"
"GO:0031668",5676,"GOs"
"GO:0071496",5676,"GOs"
"GO:0031667",5672,"GOs"
"GO:0031669",5672,"GOs"
"GO:0019001",5621,"GOs"
"GO:0032561",5621,"GOs"
"GO:0007584",5617,"GOs"
"GO:0031670",5617,"GOs"
"GO:0045990",5617,"GOs"
"GO:0030551",5615,"GOs"
"GO:0035438",5615,"GOs"
"GO:0045013",5615,"GOs"
"GO:0061984",5615,"GOs"
"GO:0061985",5615,"GOs"
"GO:0015849",5579,"GOs"
"GO:0046942",5579,"GOs"
"GO:0015718",5564,"GOs"
"GO:0015721",5558,"GOs"
"GO:0042887",5491,"GOs"
"GO:0042895",5469,"GOs"
"GO:0072348",5459,"GOs"
"GO:0015546",5449,"GOs"
"GO:0015906",5449,"GOs"
"GO:0045117",5449,"GOs"
"GO:1901474",5449,"GOs"
"GO:1901682",5449,"GOs"
"GO:1902599",5449,"GOs"
"GO:0015399",5259,"GOs"
"GO:0015405",5259,"GOs"
"GO:0042626",5256,"GOs"
"GO:0043492",5256,"GOs"
"GO:0008289",5202,"GOs"
"GO:0005319",5193,"GOs"
"GO:0034040",5193,"GOs"
"GO:0098656",5180,"GOs"
"GO:1902494",5176,"GOs"
"GO:0008509",5164,"GOs"
"GO:0015103",5151,"GOs"
"GO:0015698",5151,"GOs"
"GO:0098661",5151,"GOs"
"GO:0098797",5131,"GOs"
"GO:0043190",5128,"GOs"
"GO:0098533",5128,"GOs"
"GO:1904949",5128,"GOs"
"GO:0022884",5108,"GOs"
"GO:0015748",5087,"GOs"
"GO:0008559",5084,"GOs"
"GO:0015221",5084,"GOs"
"GO:0015437",5084,"GOs"
"GO:0034204",5084,"GOs"
"GO:0097035",5084,"GOs"
"GO:0006817",5079,"GOs"
"GO:0015114",5079,"GOs"
"GO:0015301",5079,"GOs"
"GO:0015315",5079,"GOs"
"GO:0035435",5079,"GOs"
"GO:0098552",4808,"GOs"
"GO:0009897",4781,"GOs"
"GO:0009986",4781,"GOs"
"GO:0031233",4781,"GOs"
"GO:0031237",4776,"GOs"
"GO:0098567",4776,"GOs"
"GO:0051128",4752,"GOs"
"GO:0043254",4746,"GOs"
"GO:0044087",4746,"GOs"
"GO:2000142",4746,"GOs"
"GO:0051130",4745,"GOs"
"GO:0031334",4743,"GOs"
"GO:0044089",4743,"GOs"
"GO:2000144",4743,"GOs"
"GO:0048583",4730,"GOs"
"GO:2001023",4728,"GOs"
"GO:0009266",4706,"GOs"
"GO:0009408",4705,"GOs"
"GO:0071236",4686,"GOs"
"GO:0140096",4649,"GOs"
"GO:0010608",4552,"GOs"
"GO:0032268",4550,"GOs"
"GO:0051246",4550,"GOs"
"GO:0003723",4546,"GOs"
"GO:0016071",4512,"GOs"
"GO:0016775",4512,"GOs"
"GO:0006417",4501,"GOs"
"GO:0017148",4501,"GOs"
"GO:0032269",4501,"GOs"
"GO:0034248",4501,"GOs"
"GO:0034249",4501,"GOs"
"GO:0051248",4501,"GOs"
"GO:0003729",4453,"GOs"
"GO:0006109",4453,"GOs"
"GO:0043467",4452,"GOs"
"GO:0010675",4451,"GOs"
"GO:0010962",4451,"GOs"
"GO:0032881",4451,"GOs"
"GO:0032885",4451,"GOs"
"GO:0043255",4451,"GOs"
"GO:0005979",4450,"GOs"
"GO:0006446",4450,"GOs"
"GO:0010677",4450,"GOs"
"GO:0010906",4450,"GOs"
"GO:0045719",4450,"GOs"
"GO:0045912",4450,"GOs"
"GO:0045947",4450,"GOs"
"GO:0048027",4450,"GOs"
"GO:0062012",4450,"GOs"
"GO:0070873",4450,"GOs"
"GO:0070874",4450,"GOs"
"GO:0016773",4417,"GOs"
"GO:0035556",4405,"GOs"
"GO:0016301",4398,"GOs"
"GO:0004672",4389,"GOs"
"GO:0018193",4389,"GOs"
"GO:0000160",4380,"GOs"
"GO:0000155",4378,"GOs"
"GO:0004673",4378,"GOs"
"GO:0018106",4378,"GOs"
"GO:0018202",4378,"GOs"
"GO:0051301",4352,"GOs"
"GO:0032153",4349,"GOs"
"GO:0033218",4342,"GOs"
"GO:1901681",4341,"GOs"
"GO:0016758",4340,"GOs"
"GO:0031406",4340,"GOs"
"GO:0043177",4340,"GOs"
"GO:0008658",4339,"GOs"
"GO:0008955",4339,"GOs"
"GO:0033293",4339,"GOs"
"GO:0099621",4339,"GOs"
"GO:0015267",4309,"GOs"
"GO:0022803",4309,"GOs"
"GO:0015288",4306,"GOs"
"GO:0022829",4306,"GOs"
"GO:0044281",4299,"GOs"
"GO:0051704",4233,"GOs"
"GO:0044764",4223,"GOs"
"GO:0030288",3892,"GOs"
"GO:0006082",3889,"GOs"
"GO:0043436",3888,"GOs"
"GO:0019752",3887,"GOs"
"GO:0009311",3878,"GOs"
"GO:0009312",3875,"GOs"
"GO:0009244",3873,"GOs"
"GO:0046401",3873,"GOs"
"GO:0016810",3473,"GOs"
"GO:0016812",3459,"GOs"
"GO:0008800",3455,"GOs"
"GO:0015833",3445,"GOs"
"GO:0001216",3343,"GOs"
"GO:0016311",3307,"GOs"
"GO:0050380",3299,"GOs"
"GO:0001121",3296,"GOs"
"GO:0001131",3296,"GOs"
"GO:0001140",3296,"GOs"
"GO:0015605",3268,"GOs"
"GO:0015119",3260,"GOs"
"GO:0015526",3260,"GOs"
"GO:0015712",3260,"GOs"
"GO:0015760",3260,"GOs"
"GO:0019725",3062,"GOs"
"GO:0042592",3062,"GOs"
"GO:0048878",3060,"GOs"
"GO:0055082",3060,"GOs"
"GO:0006873",3059,"GOs"
"GO:0050801",3059,"GOs"
"GO:0098771",3059,"GOs"
"GO:0030003",3058,"GOs"
"GO:0055080",3058,"GOs"
"GO:0030001",3019,"GOs"
"GO:0046873",3016,"GOs"
"GO:0005451",2900,"GOs"
"GO:0006814",2900,"GOs"
"GO:0006885",2900,"GOs"
"GO:0015081",2900,"GOs"
"GO:0015385",2900,"GOs"
"GO:0015491",2900,"GOs"
"GO:0030004",2900,"GOs"
"GO:0030641",2900,"GOs"
"GO:0035725",2900,"GOs"
"GO:0055067",2900,"GOs"
"GO:0006813",2899,"GOs"
"GO:0015079",2899,"GOs"
"GO:0015386",2899,"GOs"
"GO:0022821",2899,"GOs"
"GO:0071804",2899,"GOs"
"GO:0071805",2899,"GOs"
"GO:0016829",2869,"GOs"
"GO:0001217",2844,"GOs"
"GO:0044283",2783,"GOs"
"GO:0008643",2734,"GOs"
"GO:0016053",2706,"GOs"
"GO:0046394",2706,"GOs"
"GO:0009056",2671,"GOs"
"GO:0032787",2669,"GOs"
"GO:1901575",2667,"GOs"
"GO:0044248",2665,"GOs"
"GO:0072330",2654,"GOs"
"GO:0034219",2600,"GOs"
"GO:0044282",2590,"GOs"
"GO:0016835",2543,"GOs"
"GO:0042180",2538,"GOs"
"GO:0016836",2536,"GOs"
"GO:0006081",2532,"GOs"
"GO:0009438",2530,"GOs"
"GO:1901615",2530,"GOs"
"GO:1901617",2526,"GOs"
"GO:0006089",2524,"GOs"
"GO:0019243",2524,"GOs"
"GO:0042182",2524,"GOs"
"GO:0046185",2524,"GOs"
"GO:0051596",2524,"GOs"
"GO:0061727",2524,"GOs"
"GO:0019172",2522,"GOs"
"GO:0019249",2522,"GOs"
"GO:0009314",2404,"GOs"
"GO:0042710",2398,"GOs"
"GO:0090605",2392,"GOs"
"GO:0007155",2389,"GOs"
"GO:0022610",2389,"GOs"
"GO:0031589",2388,"GOs"
"GO:0043708",2388,"GOs"
"GO:0019637",2375,"GOs"
"GO:0090407",2332,"GOs"
"GO:0043900",2292,"GOs"
"GO:1900190",2292,"GOs"
"GO:1900231",2292,"GOs"
"GO:0003681",2291,"GOs"
"GO:0043901",2291,"GOs"
"GO:1900191",2291,"GOs"
"GO:1900232",2291,"GOs"
"GO:0010033",2273,"GOs"
"GO:1901566",2195,"GOs"
"GO:0044085",2172,"GOs"
"GO:0010035",2147,"GOs"
"GO:0055114",2122,"GOs"
"GO:0006644",2120,"GOs"
"GO:0008654",2120,"GOs"
"GO:0016780",2103,"GOs"
"GO:0010038",2101,"GOs"
"GO:0016491",2088,"GOs"
"GO:0006643",2081,"GOs"
"GO:0006664",2081,"GOs"
"GO:0009245",2081,"GOs"
"GO:0009247",2081,"GOs"
"GO:0043838",2081,"GOs"
"GO:0046467",2081,"GOs"
"GO:0046493",2081,"GOs"
"GO:1901269",2081,"GOs"
"GO:1901271",2081,"GOs"
"GO:0022607",2065,"GOs"
"GO:0009268",1992,"GOs"
"GO:0001098",1991,"GOs"
"GO:0001108",1991,"GOs"
"GO:0009927",1990,"GOs"
"GO:0010447",1990,"GOs"
"GO:0060089",1990,"GOs"
"GO:0010039",1981,"GOs"
"GO:0010041",1971,"GOs"
"GO:0015144",1847,"GOs"
"GO:0016614",1842,"GOs"
"GO:0016616",1841,"GOs"
"GO:0044419",1834,"GOs"
"GO:0016032",1833,"GOs"
"GO:0019058",1833,"GOs"
"GO:0044403",1833,"GOs"
"GO:0043603",1828,"GOs"
"GO:0043604",1827,"GOs"
"GO:0009607",1826,"GOs"
"GO:0000746",1825,"GOs"
"GO:0009597",1825,"GOs"
"GO:0009615",1825,"GOs"
"GO:0030260",1825,"GOs"
"GO:0043207",1825,"GOs"
"GO:0044409",1825,"GOs"
"GO:0046718",1825,"GOs"
"GO:0046930",1825,"GOs"
"GO:0051701",1825,"GOs"
"GO:0051707",1825,"GOs"
"GO:0051806",1825,"GOs"
"GO:0051828",1825,"GOs"
"GO:1901618",1824,"GOs"
"GO:0015791",1820,"GOs"
"GO:0015166",1819,"GOs"
"GO:0015168",1819,"GOs"
"GO:0015527",1819,"GOs"
"GO:0015793",1819,"GOs"
"GO:0015794",1819,"GOs"
"GO:0048037",1819,"GOs"
"GO:0005618",1812,"GOs"
"GO:0016776",1789,"GOs"
"GO:0008104",1782,"GOs"
"GO:0051181",1781,"GOs"
"GO:0045184",1765,"GOs"
"GO:0015031",1754,"GOs"
"GO:0032940",1739,"GOs"
"GO:0046903",1739,"GOs"
"GO:0015562",1738,"GOs"
"GO:0002790",1737,"GOs"
"GO:0009306",1737,"GOs"
"GO:0015688",1731,"GOs"
"GO:0015891",1731,"GOs"
"GO:0042930",1731,"GOs"
"GO:1901678",1731,"GOs"
"GO:0005216",1728,"GOs"
"GO:0014070",1728,"GOs"
"GO:0022838",1728,"GOs"
"GO:0047485",1728,"GOs"
"GO:1990195",1728,"GOs"
"GO:1990196",1728,"GOs"
"GO:0009242",1705,"GOs"
"GO:0046377",1705,"GOs"
"GO:0045229",1698,"GOs"
"GO:0043163",1697,"GOs"
"GO:0043165",1697,"GOs"
"GO:0044091",1697,"GOs"
"GO:0071709",1697,"GOs"
"GO:0006518",1694,"GOs"
"GO:0006979",1694,"GOs"
"GO:0043043",1693,"GOs"
"GO:0006412",1692,"GOs"
"GO:0003979",1685,"GOs"
"GO:0006970",1685,"GOs"
"GO:0051536",1685,"GOs"
"GO:0051540",1685,"GOs"
"GO:0006805",1683,"GOs"
"GO:0009410",1683,"GOs"
"GO:0071466",1683,"GOs"
"GO:0042884",1673,"GOs"
"GO:0005576",1652,"GOs"
"GO:0051537",1639,"GOs"
"GO:0008219",1625,"GOs"
"GO:0012501",1625,"GOs"
"GO:0140098",1311,"GOs"
"GO:0034660",1279,"GOs"
"GO:0006259",1208,"GOs"
"GO:0006399",1183,"GOs"
"GO:0006520",1180,"GOs"
"GO:0006996",1160,"GOs"
"GO:0140101",1157,"GOs"
"GO:0016874",1156,"GOs"
"GO:0006418",1153,"GOs"
"GO:0043038",1153,"GOs"
"GO:0043039",1153,"GOs"
"GO:0004812",1152,"GOs"
"GO:0016875",1152,"GOs"
"GO:0004822",1148,"GOs"
"GO:0006428",1148,"GOs"
"GO:0051276",1147,"GOs"
"GO:0071103",1147,"GOs"
"GO:0006265",1137,"GOs"
"GO:0043226",1135,"GOs"
"GO:0040007",1131,"GOs"
"GO:0043229",1129,"GOs"
"GO:0043228",1124,"GOs"
"GO:0043232",1118,"GOs"
"GO:1990904",1115,"GOs"
"GO:0005198",1113,"GOs"
"GO:0005840",1113,"GOs"
"GO:0003735",1111,"GOs"
"GO:0016853",1005,"GOs"
"GO:0140097",994,"GOs"
"GO:0008094",988,"GOs"
"GO:0003916",980,"GOs"
"GO:0003918",980,"GOs"
"GO:0061505",980,"GOs"
"GO:0034335",966,"GOs"
"GO:0007059",940,"GOs"
"GO:0009330",925,"GOs"
"GO:0009295",773,"GOs"
"GO:0044422",658,"GOs"
"GO:0044446",652,"GOs"
"GO:0044445",649,"GOs"
"GO:0044391",643,"GOs"
"GO:0022626",641,"GOs"
"GO:0015934",640,"GOs"
"GO:0022625",640,"GOs"
"GO:1901700",599,"GOs"
"GO:0097237",551,"GOs"
"GO:0042803",550,"GOs"
"GO:0035690",549,"GOs"
"GO:1901701",548,"GOs"
"GO:0000985",545,"GOs"
"GO:0001046",545,"GOs"
"GO:0001047",545,"GOs"
"GO:0009635",545,"GOs"
"GO:0036245",545,"GOs"
"GO:0071310",545,"GOs"
"GO:0072756",545,"GOs"
"GO:1901562",545,"GOs"
"GO:1901654",545,"GOs"
"GO:1901655",545,"GOs"
"GO:0043169",430,"GOs"
"GO:0046872",428,"GOs"
"GO:0055086",371,"GOs"
"GO:0043933",364,"GOs"
"GO:0065003",363,"GOs"
"GO:0051259",351,"GOs"
"GO:0006753",253,"GOs"
"GO:0009117",253,"GOs"
"GO:0009259",252,"GOs"
"GO:0019693",252,"GOs"
"GO:0072521",252,"GOs"
"GO:0006163",250,"GOs"
"GO:0006508",246,"GOs"
"GO:0008233",244,"GOs"
"GO:0016746",240,"GOs"
"GO:0016747",240,"GOs"
"GO:0070011",238,"GOs"
"GO:0051260",237,"GOs"
"GO:0046914",235,"GOs"
"GO:0008236",226,"GOs"
"GO:0017171",226,"GOs"
"GO:0017144",215,"GOs"
"GO:0016765",214,"GOs"
"GO:0009150",211,"GOs"
"GO:0009165",211,"GOs"
"GO:1901293",211,"GOs"
"GO:0009260",210,"GOs"
"GO:0016741",210,"GOs"
"GO:0019898",210,"GOs"
"GO:0046390",210,"GOs"
"GO:0072522",209,"GOs"
"GO:0006164",208,"GOs"
"GO:0009152",208,"GOs"
"GO:0004016",207,"GOs"
"GO:0006171",207,"GOs"
"GO:0009187",207,"GOs"
"GO:0009190",207,"GOs"
"GO:0009975",207,"GOs"
"GO:0016849",207,"GOs"
"GO:0046058",207,"GOs"
"GO:0052652",207,"GOs"
"GO:0000287",196,"GOs"
"GO:0007049",177,"GOs"
"GO:0022402",177,"GOs"
"GO:0000819",173,"GOs"
"GO:0098813",173,"GOs"
"GO:0006276",172,"GOs"
"GO:0007062",172,"GOs"
"GO:0030541",172,"GOs"
"GO:0019897",168,"GOs"
"GO:0051186",168,"GOs"
"GO:0051188",165,"GOs"
"GO:0006396",162,"GOs"
"GO:0009401",160,"GOs"
"GO:0004364",159,"GOs"
"GO:0006875",158,"GOs"
"GO:0055065",158,"GOs"
"GO:0006766",144,"GOs"
"GO:0006767",144,"GOs"
"GO:0009110",144,"GOs"
"GO:0042364",144,"GOs"
"GO:0046916",144,"GOs"
"GO:0055076",144,"GOs"
"GO:0006732",143,"GOs"
"GO:0009108",142,"GOs"
"GO:0006790",135,"GOs"
"GO:0008965",134,"GOs"
"GO:0019197",134,"GOs"
"GO:0006631",132,"GOs"
"GO:0006633",131,"GOs"
"GO:0034470",126,"GOs"
"GO:0050662",125,"GOs"
"GO:0098754",125,"GOs"
"GO:0009451",123,"GOs"
"GO:0044272",123,"GOs"
"GO:0016627",122,"GOs"
"GO:0031522",122,"GOs"
"GO:0004312",121,"GOs"
"GO:0016628",121,"GOs"
"GO:0051262",120,"GOs"
"GO:0051289",120,"GOs"
"GO:0000041",119,"GOs"
"GO:0004318",119,"GOs"
"GO:0006768",119,"GOs"
"GO:0009102",119,"GOs"
"GO:0016830",119,"GOs"
"GO:0030497",119,"GOs"
"GO:0070206",119,"GOs"
"GO:0016831",118,"GOs"
"GO:0042157",117,"GOs"
"GO:0070207",117,"GOs"
"GO:0005375",116,"GOs"
"GO:0005507",116,"GOs"
"GO:0006497",116,"GOs"
"GO:0006825",116,"GOs"
"GO:0006878",116,"GOs"
"GO:0010272",116,"GOs"
"GO:0010273",116,"GOs"
"GO:0018345",116,"GOs"
"GO:0019992",116,"GOs"
"GO:0035434",116,"GOs"
"GO:0042158",116,"GOs"
"GO:0043543",116,"GOs"
"GO:0046688",116,"GOs"
"GO:0046915",116,"GOs"
"GO:0055070",116,"GOs"
"GO:0060003",116,"GOs"
"GO:0061687",116,"GOs"
"GO:0097501",116,"GOs"
"GO:1990169",116,"GOs"
"GO:1901361",115,"GOs"
"GO:0022613",114,"GOs"
"GO:0042254",113,"GOs"
"GO:0006040",112,"GOs"
"GO:0009225",112,"GOs"
"GO:0009226",112,"GOs"
"GO:0016742",112,"GOs"
"GO:0033319",112,"GOs"
"GO:0033320",112,"GOs"
"GO:0034214",112,"GOs"
"GO:0046349",112,"GOs"
"GO:0048040",112,"GOs"
"GO:0051287",112,"GOs"
"GO:0070403",112,"GOs"
"GO:0099618",112,"GOs"
"GO:0099619",112,"GOs"
"GO:2001313",112,"GOs"
"GO:2001315",112,"GOs"
"GO:0016407",111,"GOs"
"GO:0019439",110,"GOs"
"GO:0044270",108,"GOs"
"GO:0046700",108,"GOs"
"GO:0008080",107,"GOs"
"GO:0016410",107,"GOs"
"GO:0034069",106,"GOs"
"GO:0047663",106,"GOs"
"GO:0006091",105,"GOs"
"GO:0016788",102,"GOs"
"GO:0034655",102,"GOs"
"GO:0016072",99,"GOs"
"GO:0006364",98,"GOs"
"GO:0008168",97,"GOs"
"GO:0008757",97,"GOs"
"GO:0032259",97,"GOs"
"GO:0000154",94,"GOs"
"GO:0001510",94,"GOs"
"GO:0008173",94,"GOs"
"GO:0043414",94,"GOs"
"GO:0008649",93,"GOs"
"GO:0031167",93,"GOs"
"GO:0140102",93,"GOs"
"GO:0000179",89,"GOs"
"GO:0008170",89,"GOs"
"GO:0016433",89,"GOs"
"GO:1903424",72,"GOs"
"GO:1903425",72,"GOs"
"GO:0004518",71,"GOs"
"GO:0022900",71,"GOs"
"GO:0090305",71,"GOs"
"GO:0005506",68,"GOs"
"GO:0009057",67,"GOs"
"GO:0044265",67,"GOs"
"GO:0004527",66,"GOs"
"GO:0006281",66,"GOs"
"GO:0016796",66,"GOs"
"GO:1901565",62,"GOs"
"GO:0009055",61,"GOs"
"GO:0004540",60,"GOs"
"GO:0047429",60,"GOs"
"GO:0072592",60,"GOs"
"GO:0090501",60,"GOs"
"GO:0006401",58,"GOs"
"GO:0006402",57,"GOs"
"GO:0008408",57,"GOs"
"GO:0034353",57,"GOs"
"GO:0004532",56,"GOs"
"GO:0016896",56,"GOs"
"GO:0090503",56,"GOs"
"GO:0000175",55,"GOs"
"GO:0009267",55,"GOs"
"GO:0042594",55,"GOs"
"GO:0000302",54,"GOs"
"GO:0033890",54,"GOs"
"GO:0003746",53,"GOs"
"GO:0006414",53,"GOs"
"GO:0008135",53,"GOs"
"GO:0043021",53,"GOs"
"GO:0044877",53,"GOs"
"GO:0051184",53,"GOs"
"GO:0000988",52,"GOs"
"GO:0006448",51,"GOs"
"GO:0009894",51,"GOs"
"GO:0009896",51,"GOs"
"GO:0031329",51,"GOs"
"GO:0031331",51,"GOs"
"GO:0043022",51,"GOs"
"GO:0043487",51,"GOs"
"GO:0045900",51,"GOs"
"GO:0050779",51,"GOs"
"GO:0072344",50,"GOs"
"GO:2001124",50,"GOs"
"GO:2001125",50,"GOs"
"GO:0000989",49,"GOs"
"GO:0016989",49,"GOs"
"GO:0030162",49,"GOs"
"GO:0031647",49,"GOs"
"GO:0031648",49,"GOs"
"GO:0032270",49,"GOs"
"GO:0045862",49,"GOs"
"GO:0051247",49,"GOs"
"GO:0051539",49,"GOs"
"GO:0072527",49,"GOs"
"GO:0008270",45,"GOs"
"GO:0071731",44,"GOs"
"GO:0097366",44,"GOs"
"GO:1901698",44,"GOs"
"GO:0072529",43,"GOs"
"GO:0009141",42,"GOs"
"GO:0009144",42,"GOs"
"GO:0009199",42,"GOs"
"GO:0015420",42,"GOs"
"GO:0015889",42,"GOs"
"GO:0035461",42,"GOs"
"GO:0051180",42,"GOs"
"GO:0090482",42,"GOs"
"GO:1901657",42,"GOs"
"GO:1904680",42,"GOs"
"GO:0006220",41,"GOs"
"GO:0009116",41,"GOs"
"GO:0009119",41,"GOs"
"GO:0009218",41,"GOs"
"GO:0006213",40,"GOs"
"GO:0034404",40,"GOs"
"GO:0046131",40,"GOs"
"GO:0072523",40,"GOs"
"GO:1901136",40,"GOs"
"GO:0006195",39,"GOs"
"GO:0006203",39,"GOs"
"GO:0006244",39,"GOs"
"GO:0009143",39,"GOs"
"GO:0009146",39,"GOs"
"GO:0009147",39,"GOs"
"GO:0009149",39,"GOs"
"GO:0009151",39,"GOs"
"GO:0009155",39,"GOs"
"GO:0009164",39,"GOs"
"GO:0009166",39,"GOs"
"GO:0009200",39,"GOs"
"GO:0009203",39,"GOs"
"GO:0009204",39,"GOs"
"GO:0009208",39,"GOs"
"GO:0009210",39,"GOs"
"GO:0009211",39,"GOs"
"GO:0009213",39,"GOs"
"GO:0009215",39,"GOs"
"GO:0009217",39,"GOs"
"GO:0009219",39,"GOs"
"GO:0009222",39,"GOs"
"GO:0009223",39,"GOs"
"GO:0009261",39,"GOs"
"GO:0009262",39,"GOs"
"GO:0009264",39,"GOs"
"GO:0009394",39,"GOs"
"GO:0015980",39,"GOs"
"GO:0019692",39,"GOs"
"GO:0034656",39,"GOs"
"GO:0042454",39,"GOs"
"GO:0045333",39,"GOs"
"GO:0046046",39,"GOs"
"GO:0046047",39,"GOs"
"GO:0046051",39,"GOs"
"GO:0046052",39,"GOs"
"GO:0046060",39,"GOs"
"GO:0046061",39,"GOs"
"GO:0046070",39,"GOs"
"GO:0046075",39,"GOs"
"GO:0046076",39,"GOs"
"GO:0046080",39,"GOs"
"GO:0046081",39,"GOs"
"GO:0046133",39,"GOs"
"GO:0046135",39,"GOs"
"GO:0046386",39,"GOs"
"GO:0046434",39,"GOs"
"GO:1901292",39,"GOs"
"GO:1901658",39,"GOs"
"GO:0006650",37,"GOs"
"GO:0045017",37,"GOs"
"GO:0046474",37,"GOs"
"GO:0046486",37,"GOs"
"GO:0034613",36,"GOs"
"GO:0051641",36,"GOs"
"GO:0070727",36,"GOs"
"GO:0009061",34,"GOs"
"GO:0004367",33,"GOs"
"GO:0006072",33,"GOs"
"GO:0047952",33,"GOs"
"GO:0052646",33,"GOs"
"GO:0043648",31,"GOs"
"GO:0008033",30,"GOs"
"GO:0006400",29,"GOs"
"GO:0016679",29,"GOs"
"GO:0006879",28,"GOs"
"GO:0055072",28,"GOs"
"GO:1990234",28,"GOs"
"GO:0043650",27,"GOs"
"GO:1901605",27,"GOs"
"GO:0009423",25,"GOs"
"GO:0046417",25,"GOs"
"GO:0003866",24,"GOs"
"GO:0008320",24,"GOs"
"GO:0008565",24,"GOs"
"GO:0015450",24,"GOs"
"GO:0071806",24,"GOs"
"GO:0072657",24,"GOs"
"GO:0090563",24,"GOs"
"GO:0016667",23,"GOs"
"GO:0090566",23,"GOs"
"GO:1902815",23,"GOs"
"GO:0033013",22,"GOs"
"GO:0033014",22,"GOs"
"GO:0006457",21,"GOs"
"GO:0015036",21,"GOs"
"GO:0015440",21,"GOs"
"GO:0015462",21,"GOs"
"GO:0016054",21,"GOs"
"GO:0016651",21,"GOs"
"GO:0016866",21,"GOs"
"GO:0033220",21,"GOs"
"GO:0043952",21,"GOs"
"GO:1903825",21,"GOs"
"GO:1905039",21,"GOs"
"GO:0001522",20,"GOs"
"GO:0015035",20,"GOs"
"GO:0046395",20,"GOs"
"GO:0008818",19,"GOs"
"GO:0009235",19,"GOs"
"GO:0009236",19,"GOs"
"GO:0009982",19,"GOs"
"GO:0006857",18,"GOs"
"GO:0031119",18,"GOs"
"GO:0031241",18,"GOs"
"GO:0010564",17,"GOs"
"GO:0035442",17,"GOs"
"GO:0035672",17,"GOs"
"GO:0035673",17,"GOs"
"GO:0042938",17,"GOs"
"GO:0051726",17,"GOs"
"GO:0071916",17,"GOs"
"GO:0032465",16,"GOs"
"GO:0043227",16,"GOs"
"GO:0043231",16,"GOs"
"GO:0045787",16,"GOs"
"GO:0051302",16,"GOs"
"GO:0052689",16,"GOs"
"GO:0065009",16,"GOs"
"GO:0090068",16,"GOs"
"GO:0003333",15,"GOs"
"GO:0006865",15,"GOs"
"GO:0007163",15,"GOs"
"GO:0015804",15,"GOs"
"GO:0016790",15,"GOs"
"GO:0032467",15,"GOs"
"GO:0032507",15,"GOs"
"GO:0045185",15,"GOs"
"GO:0050790",15,"GOs"
"GO:0051235",15,"GOs"
"GO:0051651",15,"GOs"
"GO:0051781",15,"GOs"
"GO:0001000",14,"GOs"
"GO:0004659",14,"GOs"
"GO:0004661",14,"GOs"
"GO:0004662",14,"GOs"
"GO:0005953",14,"GOs"
"GO:0006575",14,"GOs"
"GO:0006760",14,"GOs"
"GO:0006874",14,"GOs"
"GO:0007264",14,"GOs"
"GO:0008318",14,"GOs"
"GO:0009396",14,"GOs"
"GO:0016668",14,"GOs"
"GO:0018342",14,"GOs"
"GO:0018344",14,"GOs"
"GO:0019899",14,"GOs"
"GO:0030010",14,"GOs"
"GO:0042181",14,"GOs"
"GO:0042398",14,"GOs"
"GO:0042558",14,"GOs"
"GO:0042559",14,"GOs"
"GO:0043175",14,"GOs"
"GO:0046653",14,"GOs"
"GO:0046654",14,"GOs"
"GO:0047134",14,"GOs"
"GO:0055074",14,"GOs"
"GO:0070063",14,"GOs"
"GO:0072503",14,"GOs"
"GO:0072507",14,"GOs"
"GO:0072658",14,"GOs"
"GO:0072659",14,"GOs"
"GO:0072660",14,"GOs"
"GO:0097354",14,"GOs"
"GO:1990778",14,"GOs"
"GO:0004156",13,"GOs"
"GO:0008514",13,"GOs"
"GO:0008652",13,"GOs"
"GO:0009063",13,"GOs"
"GO:1901607",13,"GOs"
"GO:0004519",12,"GOs"
"GO:0004536",12,"GOs"
"GO:0031230",12,"GOs"
"GO:0034622",12,"GOs"
"GO:0070925",12,"GOs"
"GO:0071241",12,"GOs"
"GO:0071248",12,"GOs"
"GO:1901606",12,"GOs"
"GO:0004529",11,"GOs"
"GO:0016895",11,"GOs"
"GO:0022618",11,"GOs"
"GO:0071826",11,"GOs"
"GO:0000101",10,"GOs"
"GO:0004033",10,"GOs"
"GO:0004386",10,"GOs"
"GO:0004713",10,"GOs"
"GO:0008693",10,"GOs"
"GO:0018108",10,"GOs"
"GO:0018212",10,"GOs"
"GO:0019171",10,"GOs"
"GO:0032973",10,"GOs"
"GO:0033228",10,"GOs"
"GO:0034198",10,"GOs"
"GO:0038083",10,"GOs"
"GO:0042255",10,"GOs"
"GO:0042883",10,"GOs"
"GO:0043085",10,"GOs"
"GO:0044010",10,"GOs"
"GO:0044093",10,"GOs"
"GO:0047451",10,"GOs"
"GO:0140115",10,"GOs"
"GO:1903712",10,"GOs"
"GO:1990928",10,"GOs"
"GO:0000724",9,"GOs"
"GO:0000725",9,"GOs"
"GO:0003678",9,"GOs"
"GO:0004520",9,"GOs"
"GO:0006302",9,"GOs"
"GO:0006310",9,"GOs"
"GO:0008026",9,"GOs"
"GO:0009898",9,"GOs"
"GO:0010043",9,"GOs"
"GO:0016052",9,"GOs"
"GO:0016814",9,"GOs"
"GO:0019012",9,"GOs"
"GO:0019904",9,"GOs"
"GO:0031240",9,"GOs"
"GO:0031246",9,"GOs"
"GO:0032392",9,"GOs"
"GO:0032508",9,"GOs"
"GO:0042578",9,"GOs"
"GO:0043546",9,"GOs"
"GO:0044423",9,"GOs"
"GO:0051205",9,"GOs"
"GO:0051604",9,"GOs"
"GO:0070035",9,"GOs"
"GO:0071281",9,"GOs"
"GO:0090150",9,"GOs"
"GO:0097163",9,"GOs"
"GO:0098562",9,"GOs"
"GO:0140104",9,"GOs"
"GO:1990063",9,"GOs"
"GO:0000096",8,"GOs"
"GO:0002097",8,"GOs"
"GO:0002100",8,"GOs"
"GO:0003998",8,"GOs"
"GO:0004000",8,"GOs"
"GO:0004003",8,"GOs"
"GO:0006382",8,"GOs"
"GO:0006862",8,"GOs"
"GO:0006886",8,"GOs"
"GO:0006952",8,"GOs"
"GO:0008251",8,"GOs"
"GO:0008854",8,"GOs"
"GO:0009066",8,"GOs"
"GO:0009338",8,"GOs"
"GO:0015215",8,"GOs"
"GO:0015230",8,"GOs"
"GO:0015616",8,"GOs"
"GO:0015931",8,"GOs"
"GO:0015932",8,"GOs"
"GO:0016553",8,"GOs"
"GO:0016791",8,"GOs"
"GO:0016999",8,"GOs"
"GO:0019068",8,"GOs"
"GO:0019239",8,"GOs"
"GO:0035350",8,"GOs"
"GO:0044273",8,"GOs"
"GO:0044355",8,"GOs"
"GO:0044610",8,"GOs"
"GO:0046907",8,"GOs"
"GO:0051182",8,"GOs"
"GO:0051185",8,"GOs"
"GO:0051649",8,"GOs"
"GO:0052717",8,"GOs"
"GO:0072329",8,"GOs"
"GO:0099046",8,"GOs"
"GO:1901661",8,"GOs"
"GO:1901663",8,"GOs"
"GO:1901679",8,"GOs"
"GO:0000003",7,"GOs"
"GO:0000098",7,"GOs"
"GO:0003924",7,"GOs"
"GO:0003954",7,"GOs"
"GO:0005634",7,"GOs"
"GO:0006972",7,"GOs"
"GO:0008234",7,"GOs"
"GO:0008374",7,"GOs"
"GO:0009112",7,"GOs"
"GO:0009651",7,"GOs"
"GO:0016798",7,"GOs"
"GO:0030145",7,"GOs"
"GO:0032879",7,"GOs"
"GO:0042273",7,"GOs"
"GO:0042995",7,"GOs"
"GO:0043418",7,"GOs"
"GO:0044463",7,"GOs"
"GO:0050667",7,"GOs"
"GO:0051049",7,"GOs"
"GO:0061077",7,"GOs"
"GO:0071214",7,"GOs"
"GO:0097428",7,"GOs"
"GO:0098657",7,"GOs"
"GO:0104004",7,"GOs"
"GO:1990230",7,"GOs"
"GO:0000027",6,"GOs"
"GO:0000428",6,"GOs"
"GO:0001882",6,"GOs"
"GO:0001883",6,"GOs"
"GO:0005739",6,"GOs"
"GO:0005996",6,"GOs"
"GO:0006553",6,"GOs"
"GO:0006605",6,"GOs"
"GO:0008929",6,"GOs"
"GO:0009288",6,"GOs"
"GO:0015643",6,"GOs"
"GO:0016779",6,"GOs"
"GO:0016838",6,"GOs"
"GO:0019203",6,"GOs"
"GO:0019242",6,"GOs"
"GO:0019748",6,"GOs"
"GO:0019954",6,"GOs"
"GO:0030880",6,"GOs"
"GO:0032549",6,"GOs"
"GO:0032550",6,"GOs"
"GO:0033883",6,"GOs"
"GO:0042178",6,"GOs"
"GO:0042537",6,"GOs"
"GO:0042538",6,"GOs"
"GO:0044092",6,"GOs"
"GO:0044461",6,"GOs"
"GO:0046184",6,"GOs"
"GO:0046365",6,"GOs"
"GO:0046790",6,"GOs"
"GO:0050308",6,"GOs"
"GO:0061695",6,"GOs"
"GO:0065002",6,"GOs"
"GO:0071470",6,"GOs"
"GO:0071472",6,"GOs"
"GO:0072528",6,"GOs"
"GO:0098003",6,"GOs"
"GO:0098004",6,"GOs"
"GO:0098015",6,"GOs"
"GO:0004170",5,"GOs"
"GO:0004553",5,"GOs"
"GO:0005342",5,"GOs"
"GO:0006206",5,"GOs"
"GO:0006308",5,"GOs"
"GO:0006551",5,"GOs"
"GO:0006733",5,"GOs"
"GO:0006743",5,"GOs"
"GO:0006744",5,"GOs"
"GO:0007231",5,"GOs"
"GO:0008028",5,"GOs"
"GO:0008237",5,"GOs"
"GO:0008713",5,"GOs"
"GO:0008920",5,"GOs"
"GO:0009060",5,"GOs"
"GO:0009081",5,"GOs"
"GO:0009082",5,"GOs"
"GO:0009098",5,"GOs"
"GO:0009123",5,"GOs"
"GO:0009161",5,"GOs"
"GO:0009233",5,"GOs"
"GO:0009234",5,"GOs"
"GO:0009404",5,"GOs"
"GO:0009407",5,"GOs"
"GO:0009850",5,"GOs"
"GO:0009852",5,"GOs"
"GO:0010124",5,"GOs"
"GO:0010563",5,"GOs"
"GO:0010817",5,"GOs"
"GO:0010966",5,"GOs"
"GO:0015293",5,"GOs"
"GO:0015294",5,"GOs"
"GO:0015295",5,"GOs"
"GO:0015530",5,"GOs"
"GO:0015652",5,"GOs"
"GO:0015653",5,"GOs"
"GO:0015733",5,"GOs"
"GO:0015824",5,"GOs"
"GO:0017001",5,"GOs"
"GO:0019220",5,"GOs"
"GO:0019321",5,"GOs"
"GO:0022414",5,"GOs"
"GO:0031090",5,"GOs"
"GO:0034599",5,"GOs"
"GO:0034762",5,"GOs"
"GO:0034763",5,"GOs"
"GO:0034765",5,"GOs"
"GO:0034766",5,"GOs"
"GO:0035524",5,"GOs"
"GO:0042274",5,"GOs"
"GO:0042445",5,"GOs"
"GO:0042447",5,"GOs"
"GO:0042542",5,"GOs"
"GO:0042546",5,"GOs"
"GO:0043086",5,"GOs"
"GO:0043090",5,"GOs"
"GO:0043269",5,"GOs"
"GO:0043271",5,"GOs"
"GO:0044070",5,"GOs"
"GO:0045936",5,"GOs"
"GO:0046113",5,"GOs"
"GO:0046943",5,"GOs"
"GO:0051051",5,"GOs"
"GO:0051174",5,"GOs"
"GO:0070475",5,"GOs"
"GO:0071474",5,"GOs"
"GO:0071475",5,"GOs"
"GO:0071554",5,"GOs"
"GO:0071575",5,"GOs"
"GO:0089718",5,"GOs"
"GO:0098739",5,"GOs"
"GO:1903792",5,"GOs"
"GO:1903795",5,"GOs"
"GO:1903796",5,"GOs"
"GO:1903959",5,"GOs"
"GO:1903960",5,"GOs"
"GO:1905647",5,"GOs"
"GO:2000185",5,"GOs"
"GO:2000186",5,"GOs"
"GO:0000028",4,"GOs"
"GO:0001539",4,"GOs"
"GO:0003852",4,"GOs"
"GO:0003985",4,"GOs"
"GO:0003988",4,"GOs"
"GO:0004856",4,"GOs"
"GO:0005984",4,"GOs"
"GO:0005991",4,"GOs"
"GO:0005997",4,"GOs"
"GO:0005998",4,"GOs"
"GO:0006208",4,"GOs"
"GO:0006554",4,"GOs"
"GO:0006576",4,"GOs"
"GO:0006772",4,"GOs"
"GO:0006928",4,"GOs"
"GO:0008169",4,"GOs"
"GO:0008923",4,"GOs"
"GO:0009068",4,"GOs"
"GO:0009126",4,"GOs"
"GO:0009167",4,"GOs"
"GO:0009228",4,"GOs"
"GO:0009273",4,"GOs"
"GO:0009308",4,"GOs"
"GO:0009361",4,"GOs"
"GO:0009432",4,"GOs"
"GO:0012505",4,"GOs"
"GO:0015976",4,"GOs"
"GO:0016298",4,"GOs"
"GO:0016408",4,"GOs"
"GO:0016453",4,"GOs"
"GO:0016671",4,"GOs"
"GO:0016811",4,"GOs"
"GO:0019200",4,"GOs"
"GO:0019323",4,"GOs"
"GO:0019842",4,"GOs"
"GO:0022904",4,"GOs"
"GO:0030163",4,"GOs"
"GO:0032502",4,"GOs"
"GO:0032505",4,"GOs"
"GO:0034224",4,"GOs"
"GO:0040011",4,"GOs"
"GO:0042440",4,"GOs"
"GO:0042709",4,"GOs"
"GO:0042723",4,"GOs"
"GO:0042724",4,"GOs"
"GO:0042732",4,"GOs"
"GO:0042843",4,"GOs"
"GO:0043620",4,"GOs"
"GO:0044011",4,"GOs"
"GO:0044106",4,"GOs"
"GO:0044257",4,"GOs"
"GO:0045239",4,"GOs"
"GO:0046148",4,"GOs"
"GO:0046835",4,"GOs"
"GO:0046912",4,"GOs"
"GO:0048870",4,"GOs"
"GO:0051119",4,"GOs"
"GO:0051603",4,"GOs"
"GO:0051674",4,"GOs"
"GO:0051703",4,"GOs"
"GO:0071973",4,"GOs"
"GO:0090609",4,"GOs"
"GO:0097588",4,"GOs"
"GO:0098588",4,"GOs"
"GO:0098805",4,"GOs"
"GO:0120127",4,"GOs"
"GO:0000162",3,"GOs"
"GO:0000270",3,"GOs"
"GO:0000910",3,"GOs"
"GO:0000990",3,"GOs"
"GO:0004521",3,"GOs"
"GO:0004820",3,"GOs"
"GO:0005525",3,"GOs"
"GO:0005856",3,"GOs"
"GO:0005938",3,"GOs"
"GO:0005993",3,"GOs"
"GO:0006022",3,"GOs"
"GO:0006023",3,"GOs"
"GO:0006024",3,"GOs"
"GO:0006090",3,"GOs"
"GO:0006260",3,"GOs"
"GO:0006261",3,"GOs"
"GO:0006357",3,"GOs"
"GO:0006525",3,"GOs"
"GO:0006526",3,"GOs"
"GO:0006568",3,"GOs"
"GO:0006586",3,"GOs"
"GO:0006778",3,"GOs"
"GO:0006779",3,"GOs"
"GO:0006783",3,"GOs"
"GO:0006826",3,"GOs"
"GO:0008137",3,"GOs"
"GO:0008175",3,"GOs"
"GO:0008296",3,"GOs"
"GO:0008745",3,"GOs"
"GO:0008788",3,"GOs"
"GO:0009064",3,"GOs"
"GO:0009072",3,"GOs"
"GO:0009073",3,"GOs"
"GO:0009084",3,"GOs"
"GO:0009205",3,"GOs"
"GO:0009252",3,"GOs"
"GO:0009309",3,"GOs"
"GO:0009313",3,"GOs"
"GO:0009424",3,"GOs"
"GO:0009425",3,"GOs"
"GO:0015343",3,"GOs"
"GO:0015620",3,"GOs"
"GO:0015682",3,"GOs"
"GO:0015685",3,"GOs"
"GO:0015927",3,"GOs"
"GO:0015935",3,"GOs"
"GO:0016209",3,"GOs"
"GO:0016655",3,"GOs"
"GO:0016987",3,"GOs"
"GO:0018995",3,"GOs"
"GO:0019028",3,"GOs"
"GO:0022834",3,"GOs"
"GO:0022836",3,"GOs"
"GO:0022885",3,"GOs"
"GO:0030203",3,"GOs"
"GO:0030488",3,"GOs"
"GO:0030964",3,"GOs"
"GO:0031984",3,"GOs"
"GO:0033212",3,"GOs"
"GO:0033214",3,"GOs"
"GO:0033365",3,"GOs"
"GO:0033643",3,"GOs"
"GO:0033644",3,"GOs"
"GO:0034502",3,"GOs"
"GO:0034605",3,"GOs"
"GO:0034614",3,"GOs"
"GO:0036293",3,"GOs"
"GO:0036294",3,"GOs"
"GO:0042168",3,"GOs"
"GO:0042401",3,"GOs"
"GO:0042430",3,"GOs"
"GO:0042435",3,"GOs"
"GO:0042912",3,"GOs"
"GO:0042914",3,"GOs"
"GO:0043093",3,"GOs"
"GO:0043213",3,"GOs"
"GO:0043657",3,"GOs"
"GO:0044036",3,"GOs"
"GO:0044038",3,"GOs"
"GO:0044215",3,"GOs"
"GO:0044216",3,"GOs"
"GO:0044217",3,"GOs"
"GO:0044218",3,"GOs"
"GO:0044275",3,"GOs"
"GO:0044279",3,"GOs"
"GO:0044428",3,"GOs"
"GO:0044430",3,"GOs"
"GO:0044448",3,"GOs"
"GO:0044718",3,"GOs"
"GO:0045203",3,"GOs"
"GO:0046034",3,"GOs"
"GO:0046219",3,"GOs"
"GO:0046352",3,"GOs"
"GO:0046686",3,"GOs"
"GO:0046798",3,"GOs"
"GO:0050136",3,"GOs"
"GO:0051052",3,"GOs"
"GO:0061783",3,"GOs"
"GO:0070301",3,"GOs"
"GO:0070469",3,"GOs"
"GO:0070470",3,"GOs"
"GO:0070482",3,"GOs"
"GO:0070589",3,"GOs"
"GO:0071276",3,"GOs"
"GO:0071453",3,"GOs"
"GO:0072512",3,"GOs"
"GO:0090502",3,"GOs"
"GO:0097216",3,"GOs"
"GO:0098803",3,"GOs"
"GO:0098869",3,"GOs"
"GO:0099568",3,"GOs"
"GO:0120100",3,"GOs"
"GO:0120101",3,"GOs"
"GO:1990748",3,"GOs"
"GO:0000049",2,"GOs"
"GO:0000075",2,"GOs"
"GO:0000122",2,"GOs"
"GO:0000228",2,"GOs"
"GO:0000278",2,"GOs"
"GO:0000322",2,"GOs"
"GO:0000323",2,"GOs"
"GO:0000324",2,"GOs"
"GO:0000329",2,"GOs"
"GO:0000429",2,"GOs"
"GO:0000436",2,"GOs"
"GO:0000785",2,"GOs"
"GO:0000790",2,"GOs"
"GO:0000920",2,"GOs"
"GO:0000977",2,"GOs"
"GO:0000978",2,"GOs"
"GO:0000981",2,"GOs"
"GO:0000982",2,"GOs"
"GO:0001012",2,"GOs"
"GO:0001077",2,"GOs"
"GO:0001228",2,"GOs"
"GO:0001666",2,"GOs"
"GO:0003697",2,"GOs"
"GO:0003725",2,"GOs"
"GO:0003887",2,"GOs"
"GO:0004045",2,"GOs"
"GO:0004048",2,"GOs"
"GO:0004072",2,"GOs"
"GO:0004175",2,"GOs"
"GO:0004314",2,"GOs"
"GO:0004416",2,"GOs"
"GO:0004525",2,"GOs"
"GO:0004791",2,"GOs"
"GO:0004853",2,"GOs"
"GO:0005355",2,"GOs"
"GO:0005694",2,"GOs"
"GO:0005768",2,"GOs"
"GO:0005773",2,"GOs"
"GO:0005774",2,"GOs"
"GO:0005783",2,"GOs"
"GO:0005794",2,"GOs"
"GO:0005802",2,"GOs"
"GO:0006066",2,"GOs"
"GO:0006099",2,"GOs"
"GO:0006101",2,"GOs"
"GO:0006119",2,"GOs"
"GO:0006120",2,"GOs"
"GO:0006144",2,"GOs"
"GO:0006221",2,"GOs"
"GO:0006352",2,"GOs"
"GO:0006366",2,"GOs"
"GO:0006397",2,"GOs"
"GO:0006426",2,"GOs"
"GO:0006432",2,"GOs"
"GO:0006515",2,"GOs"
"GO:0006547",2,"GOs"
"GO:0006720",2,"GOs"
"GO:0006887",2,"GOs"
"GO:0006897",2,"GOs"
"GO:0006898",2,"GOs"
"GO:0007010",2,"GOs"
"GO:0007093",2,"GOs"
"GO:0007346",2,"GOs"
"GO:0008202",2,"GOs"
"GO:0008235",2,"GOs"
"GO:0008238",2,"GOs"
"GO:0008299",2,"GOs"
"GO:0008413",2,"GOs"
"GO:0008425",2,"GOs"
"GO:0008444",2,"GOs"
"GO:0008614",2,"GOs"
"GO:0008615",2,"GOs"
"GO:0008645",2,"GOs"
"GO:0008661",2,"GOs"
"GO:0008810",2,"GOs"
"GO:0008881",2,"GOs"
"GO:0008905",2,"GOs"
"GO:0008928",2,"GOs"
"GO:0009067",2,"GOs"
"GO:0009069",2,"GOs"
"GO:0009070",2,"GOs"
"GO:0009085",2,"GOs"
"GO:0009089",2,"GOs"
"GO:0009090",2,"GOs"
"GO:0009092",2,"GOs"
"GO:0009124",2,"GOs"
"GO:0009156",2,"GOs"
"GO:0009220",2,"GOs"
"GO:0009240",2,"GOs"
"GO:0009328",2,"GOs"
"GO:0009383",2,"GOs"
"GO:0010948",2,"GOs"
"GO:0012506",2,"GOs"
"GO:0015145",2,"GOs"
"GO:0015149",2,"GOs"
"GO:0015629",2,"GOs"
"GO:0015749",2,"GOs"
"GO:0016125",2,"GOs"
"GO:0016151",2,"GOs"
"GO:0016192",2,"GOs"
"GO:0016417",2,"GOs"
"GO:0016419",2,"GOs"
"GO:0016420",2,"GOs"
"GO:0016434",2,"GOs"
"GO:0016744",2,"GOs"
"GO:0016774",2,"GOs"
"GO:0016854",2,"GOs"
"GO:0016855",2,"GOs"
"GO:0016860",2,"GOs"
"GO:0016861",2,"GOs"
"GO:0016879",2,"GOs"
"GO:0016891",2,"GOs"
"GO:0016893",2,"GOs"
"GO:0017110",2,"GOs"
"GO:0017169",2,"GOs"
"GO:0019072",2,"GOs"
"GO:0019073",2,"GOs"
"GO:0019202",2,"GOs"
"GO:0019205",2,"GOs"
"GO:0019288",2,"GOs"
"GO:0019682",2,"GOs"
"GO:0020037",2,"GOs"
"GO:0030030",2,"GOs"
"GO:0030031",2,"GOs"
"GO:0030100",2,"GOs"
"GO:0030117",2,"GOs"
"GO:0030118",2,"GOs"
"GO:0030120",2,"GOs"
"GO:0030125",2,"GOs"
"GO:0030135",2,"GOs"
"GO:0030136",2,"GOs"
"GO:0030276",2,"GOs"
"GO:0030436",2,"GOs"
"GO:0030479",2,"GOs"
"GO:0030580",2,"GOs"
"GO:0030659",2,"GOs"
"GO:0030662",2,"GOs"
"GO:0030665",2,"GOs"
"GO:0030863",2,"GOs"
"GO:0030864",2,"GOs"
"GO:0030976",2,"GOs"
"GO:0031410",2,"GOs"
"GO:0031974",2,"GOs"
"GO:0031981",2,"GOs"
"GO:0031982",2,"GOs"
"GO:0032050",2,"GOs"
"GO:0032296",2,"GOs"
"GO:0033043",2,"GOs"
"GO:0033044",2,"GOs"
"GO:0034061",2,"GOs"
"GO:0035539",2,"GOs"
"GO:0036361",2,"GOs"
"GO:0040008",2,"GOs"
"GO:0042277",2,"GOs"
"GO:0042726",2,"GOs"
"GO:0042773",2,"GOs"
"GO:0042775",2,"GOs"
"GO:0042816",2,"GOs"
"GO:0042819",2,"GOs"
"GO:0043024",2,"GOs"
"GO:0043233",2,"GOs"
"GO:0043333",2,"GOs"
"GO:0043457",2,"GOs"
"GO:0043618",2,"GOs"
"GO:0043934",2,"GOs"
"GO:0044427",2,"GOs"
"GO:0044431",2,"GOs"
"GO:0044433",2,"GOs"
"GO:0044437",2,"GOs"
"GO:0044454",2,"GOs"
"GO:0044715",2,"GOs"
"GO:0044716",2,"GOs"
"GO:0045004",2,"GOs"
"GO:0045005",2,"GOs"
"GO:0045271",2,"GOs"
"GO:0045272",2,"GOs"
"GO:0045454",2,"GOs"
"GO:0045786",2,"GOs"
"GO:0045807",2,"GOs"
"GO:0045930",2,"GOs"
"GO:0045944",2,"GOs"
"GO:0045991",2,"GOs"
"GO:0046451",2,"GOs"
"GO:0046490",2,"GOs"
"GO:0046906",2,"GOs"
"GO:0047661",2,"GOs"
"GO:0048475",2,"GOs"
"GO:0048856",2,"GOs"
"GO:0048869",2,"GOs"
"GO:0051050",2,"GOs"
"GO:0051053",2,"GOs"
"GO:0051538",2,"GOs"
"GO:0052803",2,"GOs"
"GO:0060627",2,"GOs"
"GO:0061418",2,"GOs"
"GO:0061428",2,"GOs"
"GO:0061645",2,"GOs"
"GO:0070013",2,"GOs"
"GO:0070199",2,"GOs"
"GO:0070568",2,"GOs"
"GO:0071168",2,"GOs"
"GO:0071169",2,"GOs"
"GO:0071456",2,"GOs"
"GO:0071467",2,"GOs"
"GO:0071897",2,"GOs"
"GO:0071978",2,"GOs"
"GO:0072350",2,"GOs"
"GO:0072524",2,"GOs"
"GO:0072525",2,"GOs"
"GO:0072583",2,"GOs"
"GO:0072594",2,"GOs"
"GO:0097201",2,"GOs"
"GO:0097708",2,"GOs"
"GO:0098791",2,"GOs"
"GO:0098852",2,"GOs"
"GO:1901987",2,"GOs"
"GO:1901990",2,"GOs"
"GO:1902652",2,"GOs"
"GO:1903047",2,"GOs"
"GO:1904659",2,"GOs"
"GO:1990204",2,"GOs"
"GO:0000018",1,"GOs"
"GO:0000022",1,"GOs"
"GO:0000050",1,"GOs"
"GO:0000070",1,"GOs"
"GO:0000077",1,"GOs"
"GO:0000103",1,"GOs"
"GO:0000104",1,"GOs"
"GO:0000105",1,"GOs"
"GO:0000131",1,"GOs"
"GO:0000226",1,"GOs"
"GO:0000243",1,"GOs"
"GO:0000245",1,"GOs"
"GO:0000276",1,"GOs"
"GO:0000280",1,"GOs"
"GO:0000375",1,"GOs"
"GO:0000377",1,"GOs"
"GO:0000395",1,"GOs"
"GO:0000398",1,"GOs"
"GO:0000455",1,"GOs"
"GO:0000470",1,"GOs"
"GO:0000727",1,"GOs"
"GO:0000738",1,"GOs"
"GO:0000775",1,"GOs"
"GO:0000776",1,"GOs"
"GO:0000777",1,"GOs"
"GO:0000778",1,"GOs"
"GO:0000779",1,"GOs"
"GO:0000780",1,"GOs"
"GO:0000792",1,"GOs"
"GO:0000793",1,"GOs"
"GO:0000794",1,"GOs"
"GO:0000902",1,"GOs"
"GO:0000906",1,"GOs"
"GO:0001411",1,"GOs"
"GO:0001505",1,"GOs"
"GO:0001558",1,"GOs"
"GO:0001896",1,"GOs"
"GO:0002181",1,"GOs"
"GO:0002184",1,"GOs"
"GO:0003006",1,"GOs"
"GO:0003682",1,"GOs"
"GO:0003688",1,"GOs"
"GO:0003724",1,"GOs"
"GO:0003730",1,"GOs"
"GO:0003825",1,"GOs"
"GO:0003861",1,"GOs"
"GO:0003867",1,"GOs"
"GO:0003899",1,"GOs"
"GO:0003905",1,"GOs"
"GO:0003942",1,"GOs"
"GO:0003949",1,"GOs"
"GO:0003992",1,"GOs"
"GO:0003993",1,"GOs"
"GO:0003994",1,"GOs"
"GO:0004004",1,"GOs"
"GO:0004038",1,"GOs"
"GO:0004040",1,"GOs"
"GO:0004070",1,"GOs"
"GO:0004112",1,"GOs"
"GO:0004113",1,"GOs"
"GO:0004177",1,"GOs"
"GO:0004222",1,"GOs"
"GO:0004252",1,"GOs"
"GO:0004309",1,"GOs"
"GO:0004329",1,"GOs"
"GO:0004385",1,"GOs"
"GO:0004470",1,"GOs"
"GO:0004475",1,"GOs"
"GO:0004477",1,"GOs"
"GO:0004488",1,"GOs"
"GO:0004497",1,"GOs"
"GO:0004534",1,"GOs"
"GO:0004601",1,"GOs"
"GO:0004604",1,"GOs"
"GO:0004647",1,"GOs"
"GO:0004674",1,"GOs"
"GO:0004730",1,"GOs"
"GO:0004764",1,"GOs"
"GO:0004772",1,"GOs"
"GO:0004829",1,"GOs"
"GO:0004842",1,"GOs"
"GO:0004845",1,"GOs"
"GO:0004849",1,"GOs"
"GO:0004852",1,"GOs"
"GO:0005542",1,"GOs"
"GO:0005543",1,"GOs"
"GO:0005628",1,"GOs"
"GO:0005654",1,"GOs"
"GO:0005656",1,"GOs"
"GO:0005657",1,"GOs"
"GO:0005681",1,"GOs"
"GO:0005684",1,"GOs"
"GO:0005685",1,"GOs"
"GO:0005720",1,"GOs"
"GO:0005721",1,"GOs"
"GO:0005740",1,"GOs"
"GO:0005743",1,"GOs"
"GO:0005753",1,"GOs"
"GO:0005789",1,"GOs"
"GO:0005819",1,"GOs"
"GO:0005874",1,"GOs"
"GO:0005875",1,"GOs"
"GO:0005933",1,"GOs"
"GO:0005934",1,"GOs"
"GO:0005935",1,"GOs"
"GO:0005937",1,"GOs"
"GO:0005951",1,"GOs"
"GO:0005992",1,"GOs"
"GO:0006063",1,"GOs"
"GO:0006073",1,"GOs"
"GO:0006083",1,"GOs"
"GO:0006106",1,"GOs"
"GO:0006108",1,"GOs"
"GO:0006113",1,"GOs"
"GO:0006145",1,"GOs"
"GO:0006222",1,"GOs"
"GO:0006267",1,"GOs"
"GO:0006270",1,"GOs"
"GO:0006275",1,"GOs"
"GO:0006284",1,"GOs"
"GO:0006323",1,"GOs"
"GO:0006376",1,"GOs"
"GO:0006415",1,"GOs"
"GO:0006435",1,"GOs"
"GO:0006548",1,"GOs"
"GO:0006555",1,"GOs"
"GO:0006566",1,"GOs"
"GO:0006591",1,"GOs"
"GO:0006595",1,"GOs"
"GO:0006598",1,"GOs"
"GO:0006694",1,"GOs"
"GO:0006696",1,"GOs"
"GO:0006706",1,"GOs"
"GO:0006707",1,"GOs"
"GO:0006754",1,"GOs"
"GO:0006771",1,"GOs"
"GO:0006782",1,"GOs"
"GO:0006797",1,"GOs"
"GO:0006798",1,"GOs"
"GO:0006915",1,"GOs"
"GO:0006997",1,"GOs"
"GO:0007000",1,"GOs"
"GO:0007005",1,"GOs"
"GO:0007006",1,"GOs"
"GO:0007007",1,"GOs"
"GO:0007017",1,"GOs"
"GO:0007051",1,"GOs"
"GO:0007052",1,"GOs"
"GO:0007076",1,"GOs"
"GO:0007088",1,"GOs"
"GO:0007094",1,"GOs"
"GO:0007114",1,"GOs"
"GO:0007117",1,"GOs"
"GO:0007118",1,"GOs"
"GO:0007276",1,"GOs"
"GO:0007281",1,"GOs"
"GO:0007283",1,"GOs"
"GO:0007286",1,"GOs"
"GO:0008081",1,"GOs"
"GO:0008156",1,"GOs"
"GO:0008171",1,"GOs"
"GO:0008176",1,"GOs"
"GO:0008186",1,"GOs"
"GO:0008194",1,"GOs"
"GO:0008198",1,"GOs"
"GO:0008203",1,"GOs"
"GO:0008204",1,"GOs"
"GO:0008297",1,"GOs"
"GO:0008310",1,"GOs"
"GO:0008360",1,"GOs"
"GO:0008379",1,"GOs"
"GO:0008380",1,"GOs"
"GO:0008395",1,"GOs"
"GO:0008409",1,"GOs"
"GO:0008452",1,"GOs"
"GO:0008483",1,"GOs"
"GO:0008608",1,"GOs"
"GO:0008655",1,"GOs"
"GO:0008664",1,"GOs"
"GO:0008667",1,"GOs"
"GO:0008689",1,"GOs"
"GO:0008740",1,"GOs"
"GO:0008767",1,"GOs"
"GO:0008794",1,"GOs"
"GO:0008852",1,"GOs"
"GO:0008963",1,"GOs"
"GO:0009030",1,"GOs"
"GO:0009113",1,"GOs"
"GO:0009127",1,"GOs"
"GO:0009129",1,"GOs"
"GO:0009130",1,"GOs"
"GO:0009132",1,"GOs"
"GO:0009135",1,"GOs"
"GO:0009142",1,"GOs"
"GO:0009145",1,"GOs"
"GO:0009163",1,"GOs"
"GO:0009168",1,"GOs"
"GO:0009173",1,"GOs"
"GO:0009174",1,"GOs"
"GO:0009179",1,"GOs"
"GO:0009185",1,"GOs"
"GO:0009201",1,"GOs"
"GO:0009206",1,"GOs"
"GO:0009229",1,"GOs"
"GO:0009231",1,"GOs"
"GO:0009237",1,"GOs"
"GO:0009238",1,"GOs"
"GO:0009239",1,"GOs"
"GO:0009250",1,"GOs"
"GO:0009256",1,"GOs"
"GO:0009257",1,"GOs"
"GO:0009272",1,"GOs"
"GO:0009297",1,"GOs"
"GO:0009310",1,"GOs"
"GO:0009316",1,"GOs"
"GO:0009380",1,"GOs"
"GO:0009381",1,"GOs"
"GO:0009405",1,"GOs"
"GO:0009409",1,"GOs"
"GO:0009445",1,"GOs"
"GO:0009447",1,"GOs"
"GO:0009448",1,"GOs"
"GO:0009450",1,"GOs"
"GO:0009507",1,"GOs"
"GO:0009536",1,"GOs"
"GO:0009566",1,"GOs"
"GO:0009653",1,"GOs"
"GO:0009712",1,"GOs"
"GO:0009713",1,"GOs"
"GO:0009966",1,"GOs"
"GO:0010126",1,"GOs"
"GO:0010127",1,"GOs"
"GO:0010226",1,"GOs"
"GO:0010494",1,"GOs"
"GO:0010501",1,"GOs"
"GO:0010528",1,"GOs"
"GO:0010570",1,"GOs"
"GO:0010639",1,"GOs"
"GO:0010646",1,"GOs"
"GO:0010965",1,"GOs"
"GO:0015037",1,"GOs"
"GO:0015038",1,"GOs"
"GO:0015473",1,"GOs"
"GO:0015630",1,"GOs"
"GO:0015638",1,"GOs"
"GO:0015796",1,"GOs"
"GO:0015847",1,"GOs"
"GO:0015985",1,"GOs"
"GO:0015986",1,"GOs"
"GO:0015988",1,"GOs"
"GO:0015990",1,"GOs"
"GO:0016036",1,"GOs"
"GO:0016042",1,"GOs"
"GO:0016075",1,"GOs"
"GO:0016126",1,"GOs"
"GO:0016127",1,"GOs"
"GO:0016128",1,"GOs"
"GO:0016129",1,"GOs"
"GO:0016137",1,"GOs"
"GO:0016156",1,"GOs"
"GO:0016226",1,"GOs"
"GO:0016405",1,"GOs"
"GO:0016423",1,"GOs"
"GO:0016469",1,"GOs"
"GO:0016485",1,"GOs"
"GO:0016556",1,"GOs"
"GO:0016567",1,"GOs"
"GO:0016615",1,"GOs"
"GO:0016620",1,"GOs"
"GO:0016645",1,"GOs"
"GO:0016646",1,"GOs"
"GO:0016661",1,"GOs"
"GO:0016662",1,"GOs"
"GO:0016684",1,"GOs"
"GO:0016705",1,"GOs"
"GO:0016709",1,"GOs"
"GO:0016743",1,"GOs"
"GO:0016769",1,"GOs"
"GO:0016799",1,"GOs"
"GO:0016805",1,"GOs"
"GO:0016813",1,"GOs"
"GO:0016832",1,"GOs"
"GO:0016877",1,"GOs"
"GO:0016878",1,"GOs"
"GO:0016881",1,"GOs"
"GO:0016886",1,"GOs"
"GO:0016903",1,"GOs"
"GO:0017000",1,"GOs"
"GO:0017057",1,"GOs"
"GO:0017069",1,"GOs"
"GO:0018105",1,"GOs"
"GO:0018169",1,"GOs"
"GO:0018209",1,"GOs"
"GO:0018410",1,"GOs"
"GO:0018958",1,"GOs"
"GO:0018962",1,"GOs"
"GO:0019104",1,"GOs"
"GO:0019184",1,"GOs"
"GO:0019206",1,"GOs"
"GO:0019238",1,"GOs"
"GO:0019290",1,"GOs"
"GO:0019299",1,"GOs"
"GO:0019301",1,"GOs"
"GO:0019318",1,"GOs"
"GO:0019320",1,"GOs"
"GO:0019324",1,"GOs"
"GO:0019379",1,"GOs"
"GO:0019380",1,"GOs"
"GO:0019413",1,"GOs"
"GO:0019419",1,"GOs"
"GO:0019534",1,"GOs"
"GO:0019540",1,"GOs"
"GO:0019541",1,"GOs"
"GO:0019586",1,"GOs"
"GO:0019627",1,"GOs"
"GO:0019632",1,"GOs"
"GO:0019634",1,"GOs"
"GO:0019645",1,"GOs"
"GO:0019679",1,"GOs"
"GO:0019787",1,"GOs"
"GO:0019843",1,"GOs"
"GO:0019866",1,"GOs"
"GO:0019953",1,"GOs"
"GO:0022411",1,"GOs"
"GO:0022412",1,"GOs"
"GO:0022603",1,"GOs"
"GO:0022604",1,"GOs"
"GO:0022627",1,"GOs"
"GO:0022898",1,"GOs"
"GO:0023051",1,"GOs"
"GO:0030002",1,"GOs"
"GO:0030029",1,"GOs"
"GO:0030036",1,"GOs"
"GO:0030071",1,"GOs"
"GO:0030154",1,"GOs"
"GO:0030170",1,"GOs"
"GO:0030176",1,"GOs"
"GO:0030261",1,"GOs"
"GO:0030320",1,"GOs"
"GO:0030350",1,"GOs"
"GO:0030427",1,"GOs"
"GO:0030428",1,"GOs"
"GO:0030447",1,"GOs"
"GO:0030490",1,"GOs"
"GO:0030532",1,"GOs"
"GO:0030611",1,"GOs"
"GO:0030613",1,"GOs"
"GO:0030614",1,"GOs"
"GO:0030619",1,"GOs"
"GO:0030643",1,"GOs"
"GO:0030865",1,"GOs"
"GO:0030866",1,"GOs"
"GO:0030950",1,"GOs"
"GO:0030952",1,"GOs"
"GO:0031073",1,"GOs"
"GO:0031118",1,"GOs"
"GO:0031134",1,"GOs"
"GO:0031163",1,"GOs"
"GO:0031227",1,"GOs"
"GO:0031234",1,"GOs"
"GO:0031261",1,"GOs"
"GO:0031298",1,"GOs"
"GO:0031505",1,"GOs"
"GO:0031570",1,"GOs"
"GO:0031573",1,"GOs"
"GO:0031577",1,"GOs"
"GO:0031579",1,"GOs"
"GO:0031618",1,"GOs"
"GO:0031935",1,"GOs"
"GO:0031938",1,"GOs"
"GO:0031966",1,"GOs"
"GO:0031967",1,"GOs"
"GO:0032065",1,"GOs"
"GO:0032133",1,"GOs"
"GO:0032409",1,"GOs"
"GO:0032410",1,"GOs"
"GO:0032412",1,"GOs"
"GO:0032413",1,"GOs"
"GO:0032446",1,"GOs"
"GO:0032501",1,"GOs"
"GO:0032504",1,"GOs"
"GO:0032843",1,"GOs"
"GO:0032878",1,"GOs"
"GO:0032950",1,"GOs"
"GO:0032951",1,"GOs"
"GO:0032984",1,"GOs"
"GO:0032989",1,"GOs"
"GO:0033045",1,"GOs"
"GO:0033046",1,"GOs"
"GO:0033047",1,"GOs"
"GO:0033048",1,"GOs"
"GO:0033051",1,"GOs"
"GO:0033177",1,"GOs"
"GO:0033260",1,"GOs"
"GO:0033262",1,"GOs"
"GO:0034059",1,"GOs"
"GO:0034062",1,"GOs"
"GO:0034337",1,"GOs"
"GO:0034501",1,"GOs"
"GO:0034503",1,"GOs"
"GO:0034661",1,"GOs"
"GO:0034708",1,"GOs"
"GO:0034737",1,"GOs"
"GO:0034738",1,"GOs"
"GO:0034975",1,"GOs"
"GO:0035251",1,"GOs"
"GO:0035551",1,"GOs"
"GO:0035770",1,"GOs"
"GO:0035838",1,"GOs"
"GO:0036168",1,"GOs"
"GO:0036170",1,"GOs"
"GO:0036176",1,"GOs"
"GO:0036177",1,"GOs"
"GO:0036178",1,"GOs"
"GO:0036180",1,"GOs"
"GO:0036199",1,"GOs"
"GO:0036244",1,"GOs"
"GO:0036265",1,"GOs"
"GO:0036387",1,"GOs"
"GO:0036388",1,"GOs"
"GO:0036464",1,"GOs"
"GO:0042133",1,"GOs"
"GO:0042135",1,"GOs"
"GO:0042175",1,"GOs"
"GO:0042278",1,"GOs"
"GO:0042279",1,"GOs"
"GO:0042357",1,"GOs"
"GO:0042402",1,"GOs"
"GO:0042407",1,"GOs"
"GO:0042450",1,"GOs"
"GO:0042455",1,"GOs"
"GO:0042727",1,"GOs"
"GO:0042763",1,"GOs"
"GO:0042764",1,"GOs"
"GO:0042770",1,"GOs"
"GO:0042873",1,"GOs"
"GO:0042885",1,"GOs"
"GO:0043023",1,"GOs"
"GO:0043094",1,"GOs"
"GO:0043097",1,"GOs"
"GO:0043138",1,"GOs"
"GO:0043171",1,"GOs"
"GO:0043174",1,"GOs"
"GO:0043332",1,"GOs"
"GO:0043431",1,"GOs"
"GO:0043527",1,"GOs"
"GO:0043596",1,"GOs"
"GO:0043624",1,"GOs"
"GO:0043687",1,"GOs"
"GO:0043711",1,"GOs"
"GO:0043902",1,"GOs"
"GO:0044042",1,"GOs"
"GO:0044107",1,"GOs"
"GO:0044108",1,"GOs"
"GO:0044182",1,"GOs"
"GO:0044429",1,"GOs"
"GO:0044432",1,"GOs"
"GO:0044451",1,"GOs"
"GO:0044455",1,"GOs"
"GO:0044550",1,"GOs"
"GO:0044703",1,"GOs"
"GO:0044773",1,"GOs"
"GO:0044774",1,"GOs"
"GO:0044780",1,"GOs"
"GO:0044781",1,"GOs"
"GO:0044786",1,"GOs"
"GO:0044872",1,"GOs"
"GO:0044873",1,"GOs"
"GO:0044874",1,"GOs"
"GO:0045259",1,"GOs"
"GO:0045263",1,"GOs"
"GO:0045273",1,"GOs"
"GO:0045274",1,"GOs"
"GO:0045283",1,"GOs"
"GO:0045284",1,"GOs"
"GO:0045292",1,"GOs"
"GO:0045839",1,"GOs"
"GO:0045841",1,"GOs"
"GO:0045851",1,"GOs"
"GO:0045910",1,"GOs"
"GO:0045927",1,"GOs"
"GO:0045931",1,"GOs"
"GO:0046037",1,"GOs"
"GO:0046049",1,"GOs"
"GO:0046112",1,"GOs"
"GO:0046128",1,"GOs"
"GO:0046132",1,"GOs"
"GO:0046134",1,"GOs"
"GO:0046164",1,"GOs"
"GO:0046165",1,"GOs"
"GO:0046189",1,"GOs"
"GO:0046351",1,"GOs"
"GO:0046397",1,"GOs"
"GO:0046443",1,"GOs"
"GO:0046459",1,"GOs"
"GO:0046501",1,"GOs"
"GO:0046527",1,"GOs"
"GO:0046655",1,"GOs"
"GO:0046656",1,"GOs"
"GO:0046685",1,"GOs"
"GO:0046710",1,"GOs"
"GO:0046729",1,"GOs"
"GO:0046940",1,"GOs"
"GO:0047260",1,"GOs"
"GO:0047456",1,"GOs"
"GO:0048232",1,"GOs"
"GO:0048285",1,"GOs"
"GO:0048468",1,"GOs"
"GO:0048515",1,"GOs"
"GO:0048584",1,"GOs"
"GO:0048609",1,"GOs"
"GO:0050145",1,"GOs"
"GO:0050218",1,"GOs"
"GO:0050518",1,"GOs"
"GO:0050661",1,"GOs"
"GO:0050793",1,"GOs"
"GO:0050897",1,"GOs"
"GO:0051082",1,"GOs"
"GO:0051129",1,"GOs"
"GO:0051225",1,"GOs"
"GO:0051231",1,"GOs"
"GO:0051233",1,"GOs"
"GO:0051273",1,"GOs"
"GO:0051274",1,"GOs"
"GO:0051285",1,"GOs"
"GO:0051286",1,"GOs"
"GO:0051336",1,"GOs"
"GO:0051345",1,"GOs"
"GO:0051409",1,"GOs"
"GO:0051452",1,"GOs"
"GO:0051453",1,"GOs"
"GO:0051575",1,"GOs"
"GO:0051668",1,"GOs"
"GO:0051783",1,"GOs"
"GO:0051784",1,"GOs"
"GO:0051920",1,"GOs"
"GO:0051983",1,"GOs"
"GO:0051985",1,"GOs"
"GO:0052805",1,"GOs"
"GO:0055062",1,"GOs"
"GO:0055081",1,"GOs"
"GO:0055083",1,"GOs"
"GO:0060237",1,"GOs"
"GO:0060542",1,"GOs"
"GO:0060543",1,"GOs"
"GO:0060968",1,"GOs"
"GO:0061542",1,"GOs"
"GO:0061595",1,"GOs"
"GO:0065004",1,"GOs"
"GO:0070006",1,"GOs"
"GO:0070012",1,"GOs"
"GO:0070084",1,"GOs"
"GO:0070279",1,"GOs"
"GO:0070413",1,"GOs"
"GO:0070567",1,"GOs"
"GO:0070573",1,"GOs"
"GO:0070647",1,"GOs"
"GO:0070726",1,"GOs"
"GO:0070739",1,"GOs"
"GO:0070894",1,"GOs"
"GO:0071004",1,"GOs"
"GO:0071010",1,"GOs"
"GO:0071011",1,"GOs"
"GO:0071162",1,"GOs"
"GO:0071163",1,"GOs"
"GO:0071173",1,"GOs"
"GO:0071174",1,"GOs"
"GO:0071454",1,"GOs"
"GO:0071459",1,"GOs"
"GO:0071555",1,"GOs"
"GO:0071723",1,"GOs"
"GO:0071766",1,"GOs"
"GO:0071824",1,"GOs"
"GO:0071852",1,"GOs"
"GO:0071940",1,"GOs"
"GO:0071941",1,"GOs"
"GO:0072341",1,"GOs"
"GO:0072387",1,"GOs"
"GO:0072395",1,"GOs"
"GO:0072401",1,"GOs"
"GO:0072413",1,"GOs"
"GO:0072422",1,"GOs"
"GO:0072428",1,"GOs"
"GO:0072501",1,"GOs"
"GO:0072502",1,"GOs"
"GO:0072505",1,"GOs"
"GO:0072506",1,"GOs"
"GO:0072686",1,"GOs"
"GO:0080134",1,"GOs"
"GO:0090033",1,"GOs"
"GO:0090307",1,"GOs"
"GO:0090329",1,"GOs"
"GO:0090584",1,"GOs"
"GO:0097164",1,"GOs"
"GO:0097248",1,"GOs"
"GO:0097384",1,"GOs"
"GO:0097525",1,"GOs"
"GO:0097747",1,"GOs"
"GO:0098687",1,"GOs"
"GO:0098798",1,"GOs"
"GO:0098800",1,"GOs"
"GO:0098809",1,"GOs"
"GO:0098827",1,"GOs"
"GO:0099080",1,"GOs"
"GO:0099081",1,"GOs"
"GO:0099512",1,"GOs"
"GO:0099513",1,"GOs"
"GO:0099738",1,"GOs"
"GO:0106004",1,"GOs"
"GO:0120025",1,"GOs"
"GO:0120038",1,"GOs"
"GO:0120114",1,"GOs"
"GO:0140014",1,"GOs"
"GO:1900087",1,"GOs"
"GO:1900192",1,"GOs"
"GO:1900233",1,"GOs"
"GO:1900428",1,"GOs"
"GO:1900430",1,"GOs"
"GO:1900431",1,"GOs"
"GO:1900433",1,"GOs"
"GO:1900440",1,"GOs"
"GO:1900442",1,"GOs"
"GO:1900741",1,"GOs"
"GO:1900743",1,"GOs"
"GO:1900750",1,"GOs"
"GO:1901068",1,"GOs"
"GO:1901611",1,"GOs"
"GO:1901616",1,"GOs"
"GO:1901659",1,"GOs"
"GO:1901988",1,"GOs"
"GO:1901989",1,"GOs"
"GO:1901991",1,"GOs"
"GO:1901992",1,"GOs"
"GO:1901998",1,"GOs"
"GO:1902099",1,"GOs"
"GO:1902100",1,"GOs"
"GO:1902275",1,"GOs"
"GO:1902292",1,"GOs"
"GO:1902299",1,"GOs"
"GO:1902315",1,"GOs"
"GO:1902402",1,"GOs"
"GO:1902403",1,"GOs"
"GO:1902412",1,"GOs"
"GO:1902576",1,"GOs"
"GO:1902653",1,"GOs"
"GO:1902776",1,"GOs"
"GO:1902777",1,"GOs"
"GO:1902806",1,"GOs"
"GO:1902808",1,"GOs"
"GO:1902850",1,"GOs"
"GO:1902969",1,"GOs"
"GO:1902975",1,"GOs"
"GO:1902977",1,"GOs"
"GO:1903338",1,"GOs"
"GO:1903463",1,"GOs"
"GO:1903464",1,"GOs"
"GO:1905347",1,"GOs"
"GO:1905348",1,"GOs"
"GO:1905818",1,"GOs"
"GO:1905819",1,"GOs"
"GO:1990023",1,"GOs"
"GO:1990391",1,"GOs"
"GO:1990481",1,"GOs"
"GO:2000045",1,"GOs"
"GO:2000099",1,"GOs"
"GO:2000100",1,"GOs"
"GO:2000104",1,"GOs"
"GO:2000247",1,"GOs"
"GO:2000769",1,"GOs"
"GO:2000771",1,"GOs"
"GO:2000816",1,"GOs"
"GO:2001251",1,"GOs"
"3.5.2.6",10333,"EC"
"2.7.13.3",6654,"EC"
"3.4.16.4",5894,"EC"
"2.4.2.53",4339,"EC"
"1.5.1.3",4196,"EC"
"2.7.8.43",3970,"EC"
"2.7.8.42",3868,"EC"
"3.6.1.27",3299,"EC"
"2.1.1.184",3231,"EC"
"2.5.1.18",2920,"EC"
"2.7.7.6",2813,"EC"
"2.4.2.43",1971,"EC"
"6.1.1.5",1735,"EC"
"1.1.1.22",1685,"EC"
"2.3.1.82",1582,"EC"
"2.7.1.95",1257,"EC"
"5.99.1.3",1178,"EC"
"2.7.1.190",1081,"EC"
"2.3.1.28",784,"EC"
"2.5.1.15",770,"EC"
"2.3.2.3",669,"EC"
"2.7.7.47",514,"EC"
"2.7.1.87",446,"EC"
"3.4.13.22",420,"EC"
"2.7.1.72",418,"EC"
"3.4.17.14",401,"EC"
"2.7.6.3",381,"EC"
"6.3.2.35",341,"EC"
"6.3.2.4",293,"EC"
"1.14.13.231",257,"EC"
"4.6.1.1",207,"EC"
"6.1.2.1",155,"EC"
"2.7.3.9",134,"EC"
"1.3.1.10",119,"EC"
"1.3.1.9",119,"EC"
"5.1.3.2",113,"EC"
"1.1.1.305",112,"EC"
"2.1.2.13",112,"EC"
"1.6.5.5",97,"EC"
"2.1.1.182",92,"EC"
"2.5.1.7",87,"EC"
"2.7.1.26",86,"EC"
"2.7.7.2",86,"EC"
"5.1.1.1",84,"EC"
"5.1.1.18",84,"EC"
"1.8.1.9",69,"EC"
"3.1.13.5",57,"EC"
"3.1.3.3",49,"EC"
"1.1.1.28",45,"EC"
"2.5.1.17",44,"EC"
"3.6.3.33",42,"EC"
"2.1.1.187",41,"EC"
"3.6.1.9",39,"EC"
"2.1.1.37",36,"EC"
"2.3.1.40",35,"EC"
"3.6.3.34",35,"EC"
"6.2.1.20",35,"EC"
"1.1.1.94",33,"EC"
"1.10.3.14",29,"EC"
"4.2.1.3",28,"EC"
"2.5.1.19",25,"EC"
"5.4.99.2",24,"EC"
"2.7.1.196",23,"EC"
"2.7.1.205",23,"EC"
"2.1.1.224",22,"EC"
"4.2.1.46",22,"EC"
"2.7.8.26",19,"EC"
"1.6.3.4",16,"EC"
"5.4.99.12",16,"EC"
"3.5.1.28",15,"EC"
"3.6.3.12",15,"EC"
"2.3.1.57",14,"EC"
"2.5.1.59",14,"EC"
"2.7.4.3",14,"EC"
"2.7.6.5",13,"EC"
"1.1.1.133",12,"EC"
"1.2.5.3",12,"EC"
"2.4.1.25",12,"EC"
"4.4.1.8",12,"EC"
"5.1.3.8",12,"EC"
"2.3.1.180",11,"EC"
"5.1.3.13",11,"EC"
"1.6.5.3",10,"EC"
"3.1.11.5",10,"EC"
"3.4.22.40",10,"EC"
"3.6.4.12",10,"EC"
"4.1.3.27",10,"EC"
"4.2.1.59",10,"EC"
"4.2.1.8",10,"EC"
"5.3.1.14",10,"EC"
"1.1.1.399",9,"EC"
"1.1.1.95",9,"EC"
"2.1.1.207",9,"EC"
"2.7.1.202",9,"EC"
"4.2.1.2",9,"EC"
"5.1.1.3",9,"EC"
"5.2.1.8",9,"EC"
"6.3.1.10",9,"EC"
"2.1.1.13",8,"EC"
"2.6.1.55",8,"EC"
"3.13.1.6",8,"EC"
"3.2.1.20",8,"EC"
"3.5.4.33",8,"EC"
"3.6.1.7",8,"EC"
"6.1.1.9",8,"EC"
"2.7.11.1",7,"EC"
"3.1.3.48",7,"EC"
"3.2.1.86",7,"EC"
"3.6.1.13",7,"EC"
"4.3.2.1",7,"EC"
"5.99.1.2",7,"EC"
"1.11.1.15",6,"EC"
"1.18.1.2",6,"EC"
"1.19.1.1",6,"EC"
"1.97.1.4",6,"EC"
"2.1.1.176",6,"EC"
"2.1.2.1",6,"EC"
"2.3.1.79",6,"EC"
"2.7.1.198",6,"EC"
"2.7.7.41",6,"EC"
"3.1.1.53",6,"EC"
"3.1.4.46",6,"EC"
"4.2.3.3",6,"EC"
"5.4.99.23",6,"EC"
"2.3.1.128",5,"EC"
"2.3.1.81",5,"EC"
"2.5.1.72",5,"EC"
"2.7.2.2",5,"EC"
"3.1.21.3",5,"EC"
"3.4.11.7",5,"EC"
"3.4.13.9",5,"EC"
"4.1.1.44",5,"EC"
"4.2.1.136",5,"EC"
"4.2.99.18",5,"EC"
"5.1.99.6",5,"EC"
"5.3.1.23",5,"EC"
"6.1.1.7",5,"EC"
"6.3.5.3",5,"EC"
"6.3.5.6",5,"EC"
"6.3.5.7",5,"EC"
"1.1.1.79",4,"EC"
"1.1.1.81",4,"EC"
"1.12.1.3",4,"EC"
"1.3.1.1",4,"EC"
"1.8.1.8",4,"EC"
"2.1.1.72",4,"EC"
"2.2.1.1",4,"EC"
"2.3.3.13",4,"EC"
"2.4.2.7",4,"EC"
"2.5.1.49",4,"EC"
"2.6.1.85",4,"EC"
"2.7.1.11",4,"EC"
"2.7.1.163",4,"EC"
"2.7.1.17",4,"EC"
"2.7.1.90",4,"EC"
"2.7.7.65",4,"EC"
"2.7.7.7",4,"EC"
"2.7.8.5",4,"EC"
"3.1.2.6",4,"EC"
"3.2.1.93",4,"EC"
"3.4.11.9",4,"EC"
"3.4.21.89",4,"EC"
"3.5.1.104",4,"EC"
"3.5.1.25",4,"EC"
"3.5.3.11",4,"EC"
"3.5.3.8",4,"EC"
"3.6.1.23",4,"EC"
"3.6.3.2",4,"EC"
"3.6.3.4",4,"EC"
"4.1.1.18",4,"EC"
"4.1.1.19",4,"EC"
"4.1.3.38",4,"EC"
"5.1.3.3",4,"EC"
"5.4.2.12",4,"EC"
"1.1.1.14",3,"EC"
"1.2.1.12",3,"EC"
"1.20.4.1",3,"EC"
"2.1.1.163",3,"EC"
"2.1.1.191",3,"EC"
"2.1.1.192",3,"EC"
"2.1.1.201",3,"EC"
"2.1.1.45",3,"EC"
"2.3.1.39",3,"EC"
"2.4.2.29",3,"EC"
"2.5.1.30",3,"EC"
"2.5.1.83",3,"EC"
"2.6.1.11",3,"EC"
"2.6.1.17",3,"EC"
"2.7.1.119",3,"EC"
"2.7.1.194",3,"EC"
"2.7.1.2",3,"EC"
"2.7.7.13",3,"EC"
"2.7.7.80",3,"EC"
"2.7.8.13",3,"EC"
"2.8.1.11",3,"EC"
"3.1.1.29",3,"EC"
"3.1.26.3",3,"EC"
"3.2.1.10",3,"EC"
"3.2.1.23",3,"EC"
"3.2.1.51",3,"EC"
"3.4.11.1",3,"EC"
"3.4.11.2",3,"EC"
"3.5.1.16",3,"EC"
"3.5.2.2",3,"EC"
"3.5.3.7",3,"EC"
"3.5.4.1",3,"EC"
"3.6.1.1",3,"EC"
"3.6.3.14",3,"EC"
"4.1.1.37",3,"EC"
"4.1.1.70",3,"EC"
"5.3.1.24",3,"EC"
"5.3.1.28",3,"EC"
"5.4.2.7",3,"EC"
"5.4.99.25",3,"EC"
"6.1.1.14",3,"EC"
"6.1.1.16",3,"EC"
"6.3.2.9",3,"EC"
"1.1.1.1",2,"EC"
"1.1.1.122",2,"EC"
"1.1.1.25",2,"EC"
"1.1.1.335",2,"EC"
"1.1.1.363",2,"EC"
"1.1.1.49",2,"EC"
"1.1.1.85",2,"EC"
"1.1.1.86",2,"EC"
"1.2.4.4",2,"EC"
"1.3.5.4",2,"EC"
"1.5.1.39",2,"EC"
"2.1.1.170",2,"EC"
"2.1.1.246",2,"EC"
"2.1.1.301",2,"EC"
"2.1.1.33",2,"EC"
"2.1.3.3",2,"EC"
"2.2.1.7",2,"EC"
"2.3.1.182",2,"EC"
"2.3.1.201",2,"EC"
"2.3.2.5",2,"EC"
"2.4.1.227",2,"EC"
"2.4.2.18",2,"EC"
"2.4.99.16",2,"EC"
"2.5.1.105",2,"EC"
"2.5.1.54",2,"EC"
"2.6.1.13",2,"EC"
"2.6.1.42",2,"EC"
"2.7.1.165",2,"EC"
"2.7.1.50",2,"EC"
"2.7.2.4",2,"EC"
"2.7.2.7",2,"EC"
"2.7.4.8",2,"EC"
"2.7.7.12",2,"EC"
"2.7.7.72",2,"EC"
"2.7.7.85",2,"EC"
"2.7.8.41",2,"EC"
"3.1.11.6",2,"EC"
"3.1.3.18",2,"EC"
"3.1.3.25",2,"EC"
"3.2.1.18",2,"EC"
"3.2.1.4",2,"EC"
"3.2.1.41",2,"EC"
"3.2.1.89",2,"EC"
"3.4.11.4",2,"EC"
"3.4.21.105",2,"EC"
"3.4.21.107",2,"EC"
"3.4.23.36",2,"EC"
"3.4.24.15",2,"EC"
"3.5.1.6",2,"EC"
"3.5.1.87",2,"EC"
"3.5.3.17",2,"EC"
"3.5.99.6",2,"EC"
"3.6.1.11",2,"EC"
"3.6.1.22",2,"EC"
"3.6.1.31",2,"EC"
"3.6.1.40",2,"EC"
"3.6.1.55",2,"EC"
"3.6.3.54",2,"EC"
"4.1.1.20",2,"EC"
"4.1.1.39",2,"EC"
"4.1.1.47",2,"EC"
"4.1.1.81",2,"EC"
"4.2.1.10",2,"EC"
"4.2.1.11",2,"EC"
"4.2.1.126",2,"EC"
"4.2.1.33",2,"EC"
"4.2.1.35",2,"EC"
"4.2.3.5",2,"EC"
"4.4.1.21",2,"EC"
"5.1.3.14",2,"EC"
"5.1.3.15",2,"EC"
"5.3.1.8",2,"EC"
"5.4.2.11",2,"EC"
"5.4.99.26",2,"EC"
"6.1.1.21",2,"EC"
"6.3.2.12",2,"EC"
"6.3.2.17",2,"EC"
"6.3.2.6",2,"EC"
"6.3.2.8",2,"EC"
"6.3.4.18",2,"EC"
"6.3.4.19",2,"EC"
"6.3.4.3",2,"EC"
"6.3.4.4",2,"EC"
"1.1.1.100",1,"EC"
"1.1.1.169",1,"EC"
"1.1.1.193",1,"EC"
"1.1.1.205",1,"EC"
"1.1.1.3",1,"EC"
"1.1.1.35",1,"EC"
"1.1.1.38",1,"EC"
"1.1.1.57",1,"EC"
"1.1.2.3",1,"EC"
"1.1.98.6",1,"EC"
"1.13.11.81",1,"EC"
"1.14.14.5",1,"EC"
"1.17.1.9",1,"EC"
"1.17.7.1",1,"EC"
"1.17.7.3",1,"EC"
"1.17.99.7",1,"EC"
"1.18.1.3",1,"EC"
"1.2.1.10",1,"EC"
"1.2.1.38",1,"EC"
"1.2.1.70",1,"EC"
"1.2.4.1",1,"EC"
"1.2.7.8",1,"EC"
"1.3.1.25",1,"EC"
"1.3.1.28",1,"EC"
"1.3.1.29",1,"EC"
"1.3.1.60",1,"EC"
"1.3.1.87",1,"EC"
"1.3.5.1",1,"EC"
"1.3.8.1",1,"EC"
"1.3.8.7",1,"EC"
"1.5.1.2",1,"EC"
"1.5.1.38",1,"EC"
"1.5.1.5",1,"EC"
"1.7.2.2",1,"EC"
"1.8.1.4",1,"EC"
"1.8.4.10",1,"EC"
"1.8.4.8",1,"EC"
"1.8.5.6",1,"EC"
"1.9.3.1",1,"EC"
"2.1.1.222",1,"EC"
"2.1.1.228",1,"EC"
"2.1.1.342",1,"EC"
"2.1.1.64",1,"EC"
"2.1.3.2",1,"EC"
"2.3.1.102",1,"EC"
"2.3.1.157",1,"EC"
"2.3.1.187",1,"EC"
"2.3.1.247",1,"EC"
"2.3.1.26",1,"EC"
"2.3.1.51",1,"EC"
"2.3.1.8",1,"EC"
"2.3.2.10",1,"EC"
"2.4.1.109",1,"EC"
"2.4.1.15",1,"EC"
"2.4.1.18",1,"EC"
"2.4.1.20",1,"EC"
"2.4.1.319",1,"EC"
"2.4.1.320",1,"EC"
"2.4.1.347",1,"EC"
"2.4.2.12",1,"EC"
"2.4.2.9",1,"EC"
"2.5.1.78",1,"EC"
"2.6.1.19",1,"EC"
"2.6.1.22",1,"EC"
"2.7.1.130",1,"EC"
"2.7.1.193",1,"EC"
"2.7.1.197",1,"EC"
"2.7.1.204",1,"EC"
"2.7.1.211",1,"EC"
"2.7.1.23",1,"EC"
"2.7.1.4",1,"EC"
"2.7.1.49",1,"EC"
"2.7.1.6",1,"EC"
"2.7.11.33",1,"EC"
"2.7.2.1",1,"EC"
"2.7.4.16",1,"EC"
"2.7.4.28",1,"EC"
"2.7.4.6",1,"EC"
"2.7.4.7",1,"EC"
"2.7.6.2",1,"EC"
"2.7.7.19",1,"EC"
"2.7.7.23",1,"EC"
"2.7.7.27",1,"EC"
"2.7.7.33",1,"EC"
"2.7.7.49",1,"EC"
"2.7.7.56",1,"EC"
"2.7.7.60",1,"EC"
"2.7.7.71",1,"EC"
"2.7.8.12",1,"EC"
"2.8.1.1",1,"EC"
"2.8.1.10",1,"EC"
"2.8.1.13",1,"EC"
"2.8.1.2",1,"EC"
"2.8.3.16",1,"EC"
"2.9.1.1",1,"EC"
"3.1.1.11",1,"EC"
"3.1.1.31",1,"EC"
"3.1.11.1",1,"EC"
"3.1.13.3",1,"EC"
"3.1.21.4",1,"EC"
"3.1.21.5",1,"EC"
"3.1.26.11",1,"EC"
"3.1.3.100",1,"EC"
"3.1.3.102",1,"EC"
"3.1.3.104",1,"EC"
"3.1.3.12",1,"EC"
"3.1.3.2",1,"EC"
"3.1.3.7",1,"EC"
"3.1.3.74",1,"EC"
"3.1.3.82",1,"EC"
"3.1.3.83",1,"EC"
"3.1.4.3",1,"EC"
"3.1.4.58",1,"EC"
"3.2.1.1",1,"EC"
"3.2.1.122",1,"EC"
"3.2.1.177",1,"EC"
"3.2.1.37",1,"EC"
"3.2.2.21",1,"EC"
"3.4.11.18",1,"EC"
"3.4.13.19",1,"EC"
"3.4.13.21",1,"EC"
"3.4.17.19",1,"EC"
"3.4.21.83",1,"EC"
"3.4.22.70",1,"EC"
"3.4.24.11",1,"EC"
"3.4.24.55",1,"EC"
"3.4.24.71",1,"EC"
"3.5.1.1",1,"EC"
"3.5.1.115",1,"EC"
"3.5.1.18",1,"EC"
"3.5.1.32",1,"EC"
"3.5.1.49",1,"EC"
"3.5.1.5",1,"EC"
"3.5.2.3",1,"EC"
"3.5.4.19",1,"EC"
"3.5.4.26",1,"EC"
"3.5.4.5",1,"EC"
"3.5.4.9",1,"EC"
"3.6.1.66",1,"EC"
"3.6.3.17",1,"EC"
"3.6.3.28",1,"EC"
"3.6.3.41",1,"EC"
"3.6.3.44",1,"EC"
"4.1.1.101",1,"EC"
"4.1.1.17",1,"EC"
"4.1.1.31",1,"EC"
"4.1.1.52",1,"EC"
"4.1.1.65",1,"EC"
"4.1.1.96",1,"EC"
"4.1.2.13",1,"EC"
"4.1.2.14",1,"EC"
"4.1.2.17",1,"EC"
"4.1.2.25",1,"EC"
"4.1.2.4",1,"EC"
"4.1.2.40",1,"EC"
"4.1.3.3",1,"EC"
"4.2.1.1",1,"EC"
"4.2.1.17",1,"EC"
"4.2.1.20",1,"EC"
"4.2.1.45",1,"EC"
"4.2.1.70",1,"EC"
"4.2.1.75",1,"EC"
"4.2.1.80",1,"EC"
"4.2.2.23",1,"EC"
"4.2.99.21",1,"EC"
"4.3.1.15",1,"EC"
"4.3.1.19",1,"EC"
"4.3.1.29",1,"EC"
"4.3.99.3",1,"EC"
"5.1.1.7",1,"EC"
"5.1.2.3",1,"EC"
"5.1.99.8",1,"EC"
"5.3.1.16",1,"EC"
"5.3.1.6",1,"EC"
"5.3.1.9",1,"EC"
"5.3.3.10",1,"EC"
"5.3.3.8",1,"EC"
"5.4.2.6",1,"EC"
"5.4.2.8",1,"EC"
"5.4.3.8",1,"EC"
"5.4.4.2",1,"EC"
"5.4.99.5",1,"EC"
"5.4.99.62",1,"EC"
"5.4.99.9",1,"EC"
"6.1.1.12",1,"EC"
"6.1.1.15",1,"EC"
"6.1.1.19",1,"EC"
"6.1.1.20",1,"EC"
"6.1.1.23",1,"EC"
"6.1.1.3",1,"EC"
"6.1.1.4",1,"EC"
"6.2.1.13",1,"EC"
"6.2.1.17",1,"EC"
"6.2.1.5",1,"EC"
"6.3.3.1",1,"EC"
"6.3.4.13",1,"EC"
"6.3.4.15",1,"EC"
"6.3.4.21",1,"EC"
"6.3.5.5",1,"EC"
"M00647",28445,"KEGG_Module"
"M00646",18621,"KEGG_Module"
"M00701",18429,"KEGG_Module"
"M00648",17863,"KEGG_Module"
"M00696",15153,"KEGG_Module"
"M00718",14997,"KEGG_Module"
"M00699",14562,"KEGG_Module"
"M00767",9960,"KEGG_Module"
"M00628",9846,"KEGG_Module"
"M00711",9738,"KEGG_Module"
"M00627",7742,"KEGG_Module"
"M00697",7095,"KEGG_Module"
"M00641",6957,"KEGG_Module"
"M00721",6618,"KEGG_Module"
"M00645",6603,"KEGG_Module"
"M00450",6463,"KEGG_Module"
"M00746",5451,"KEGG_Module"
"M00649",5034,"KEGG_Module"
"M00655",4752,"KEGG_Module"
"M00761",4451,"KEGG_Module"
"M00126",4409,"KEGG_Module"
"M00840",4390,"KEGG_Module"
"M00706",4097,"KEGG_Module"
"M00722",3970,"KEGG_Module"
"M00723",3868,"KEGG_Module"
"M00477",3600,"KEGG_Module"
"M00717",3342,"KEGG_Module"
"M00702",3025,"KEGG_Module"
"M00183",2813,"KEGG_Module"
"M00668",2625,"KEGG_Module"
"M00727",2487,"KEGG_Module"
"M00728",2484,"KEGG_Module"
"M00447",2482,"KEGG_Module"
"M00821",2325,"KEGG_Module"
"M00822",2269,"KEGG_Module"
"M00625",2205,"KEGG_Module"
"M00704",1990,"KEGG_Module"
"M00454",1945,"KEGG_Module"
"M00325",1839,"KEGG_Module"
"M00326",1839,"KEGG_Module"
"M00339",1839,"KEGG_Module"
"M00571",1839,"KEGG_Module"
"M00575",1839,"KEGG_Module"
"M00709",1839,"KEGG_Module"
"M00720",1839,"KEGG_Module"
"M00362",1806,"KEGG_Module"
"M00361",1801,"KEGG_Module"
"M00474",1764,"KEGG_Module"
"M00359",1762,"KEGG_Module"
"M00360",1762,"KEGG_Module"
"M00014",1692,"KEGG_Module"
"M00129",1685,"KEGG_Module"
"M00715",1683,"KEGG_Module"
"M00765",1382,"KEGG_Module"
"M00700",1154,"KEGG_Module"
"M00178",1146,"KEGG_Module"
"M00768",1120,"KEGG_Module"
"M00652",1101,"KEGG_Module"
"M00710",973,"KEGG_Module"
"M00760",907,"KEGG_Module"
"M00769",907,"KEGG_Module"
"M00766",864,"KEGG_Module"
"M00642",809,"KEGG_Module"
"M00726",669,"KEGG_Module"
"M00643",654,"KEGG_Module"
"M00651",564,"KEGG_Module"
"M00708",529,"KEGG_Module"
"M00705",501,"KEGG_Module"
"M00179",500,"KEGG_Module"
"M00639",468,"KEGG_Module"
"M00644",447,"KEGG_Module"
"M00716",422,"KEGG_Module"
"M00657",314,"KEGG_Module"
"M00745",291,"KEGG_Module"
"M00707",252,"KEGG_Module"
"M00635",251,"KEGG_Module"
"M00729",211,"KEGG_Module"
"M00446",195,"KEGG_Module"
"M00654",195,"KEGG_Module"
"M00698",182,"KEGG_Module"
"M00335",168,"KEGG_Module"
"M00453",153,"KEGG_Module"
"M00083",141,"KEGG_Module"
"M00306",133,"KEGG_Module"
"M00572",130,"KEGG_Module"
"M00632",120,"KEGG_Module"
"M00221",97,"KEGG_Module"
"M00125",89,"KEGG_Module"
"M00254",82,"KEGG_Module"
"M00334",80,"KEGG_Module"
"M00122",72,"KEGG_Module"
"M00237",45,"KEGG_Module"
"M00240",45,"KEGG_Module"
"M00793",45,"KEGG_Module"
"M00241",42,"KEGG_Module"
"M00009",41,"KEGG_Module"
"M00173",41,"KEGG_Module"
"M00713",37,"KEGG_Module"
"M00714",37,"KEGG_Module"
"M00035",36,"KEGG_Module"
"M00022",32,"KEGG_Module"
"M00153",29,"KEGG_Module"
"M00319",29,"KEGG_Module"
"M00010",28,"KEGG_Module"
"M00012",28,"KEGG_Module"
"M00740",28,"KEGG_Module"
"M00376",25,"KEGG_Module"
"M00275",24,"KEGG_Module"
"M00373",24,"KEGG_Module"
"M00741",24,"KEGG_Module"
"M00207",21,"KEGG_Module"
"M00429",21,"KEGG_Module"
"M00449",21,"KEGG_Module"
"M00841",19,"KEGG_Module"
"M00049",17,"KEGG_Module"
"M00023",16,"KEGG_Module"
"M00017",15,"KEGG_Module"
"M00001",14,"KEGG_Module"
"M00082",14,"KEGG_Module"
"M00135",14,"KEGG_Module"
"M00196",14,"KEGG_Module"
"M00439",14,"KEGG_Module"
"M00845",14,"KEGG_Module"
"M00011",13,"KEGG_Module"
"M00603",13,"KEGG_Module"
"M00061",12,"KEGG_Module"
"M00239",12,"KEGG_Module"
"M00243",12,"KEGG_Module"
"M00374",12,"KEGG_Module"
"M00048",11,"KEGG_Module"
"M00159",11,"KEGG_Module"
"M00165",11,"KEGG_Module"
"M00346",11,"KEGG_Module"
"M00480",11,"KEGG_Module"
"M00481",11,"KEGG_Module"
"M00754",11,"KEGG_Module"
"M00003",10,"KEGG_Module"
"M00144",10,"KEGG_Module"
"M00273",10,"KEGG_Module"
"M00434",10,"KEGG_Module"
"M00620",10,"KEGG_Module"
"M00002",9,"KEGG_Module"
"M00004",9,"KEGG_Module"
"M00016",9,"KEGG_Module"
"M00020",9,"KEGG_Module"
"M00029",9,"KEGG_Module"
"M00046",9,"KEGG_Module"
"M00053",9,"KEGG_Module"
"M00140",9,"KEGG_Module"
"M00317",9,"KEGG_Module"
"M00532",9,"KEGG_Module"
"M00736",9,"KEGG_Module"
"M00813",9,"KEGG_Module"
"M00844",9,"KEGG_Module"
"M00026",8,"KEGG_Module"
"M00133",8,"KEGG_Module"
"M00432",8,"KEGG_Module"
"M00028",7,"KEGG_Module"
"M00093",7,"KEGG_Module"
"M00236",7,"KEGG_Module"
"M00258",7,"KEGG_Module"
"M00036",6,"KEGG_Module"
"M00114",6,"KEGG_Module"
"M00121",6,"KEGG_Module"
"M00141",6,"KEGG_Module"
"M00167",6,"KEGG_Module"
"M00280",6,"KEGG_Module"
"M00299",6,"KEGG_Module"
"M00525",6,"KEGG_Module"
"M00535",6,"KEGG_Module"
"M00007",5,"KEGG_Module"
"M00034",5,"KEGG_Module"
"M00115",5,"KEGG_Module"
"M00166",5,"KEGG_Module"
"M00190",5,"KEGG_Module"
"M00527",5,"KEGG_Module"
"M00570",5,"KEGG_Module"
"M00582",5,"KEGG_Module"
"M00742",5,"KEGG_Module"
"M00019",4,"KEGG_Module"
"M00045",4,"KEGG_Module"
"M00050",4,"KEGG_Module"
"M00064",4,"KEGG_Module"
"M00096",4,"KEGG_Module"
"M00116",4,"KEGG_Module"
"M00117",4,"KEGG_Module"
"M00127",4,"KEGG_Module"
"M00194",4,"KEGG_Module"
"M00197",4,"KEGG_Module"
"M00200",4,"KEGG_Module"
"M00201",4,"KEGG_Module"
"M00206",4,"KEGG_Module"
"M00491",4,"KEGG_Module"
"M00526",4,"KEGG_Module"
"M00602",4,"KEGG_Module"
"M00605",4,"KEGG_Module"
"M00606",4,"KEGG_Module"
"M00667",4,"KEGG_Module"
"M00006",3,"KEGG_Module"
"M00008",3,"KEGG_Module"
"M00018",3,"KEGG_Module"
"M00051",3,"KEGG_Module"
"M00119",3,"KEGG_Module"
"M00267",3,"KEGG_Module"
"M00283",3,"KEGG_Module"
"M00308",3,"KEGG_Module"
"M00377",3,"KEGG_Module"
"M00519",3,"KEGG_Module"
"M00545",3,"KEGG_Module"
"M00549",3,"KEGG_Module"
"M00550",3,"KEGG_Module"
"M00552",3,"KEGG_Module"
"M00554",3,"KEGG_Module"
"M00609",3,"KEGG_Module"
"M00656",3,"KEGG_Module"
"M00817",3,"KEGG_Module"
"M00033",2,"KEGG_Module"
"M00087",2,"KEGG_Module"
"M00131",2,"KEGG_Module"
"M00157",2,"KEGG_Module"
"M00223",2,"KEGG_Module"
"M00244",2,"KEGG_Module"
"M00245",2,"KEGG_Module"
"M00246",2,"KEGG_Module"
"M00259",2,"KEGG_Module"
"M00271",2,"KEGG_Module"
"M00276",2,"KEGG_Module"
"M00279",2,"KEGG_Module"
"M00287",2,"KEGG_Module"
"M00307",2,"KEGG_Module"
"M00330",2,"KEGG_Module"
"M00332",2,"KEGG_Module"
"M00333",2,"KEGG_Module"
"M00336",2,"KEGG_Module"
"M00356",2,"KEGG_Module"
"M00357",2,"KEGG_Module"
"M00394",2,"KEGG_Module"
"M00542",2,"KEGG_Module"
"M00565",2,"KEGG_Module"
"M00579",2,"KEGG_Module"
"M00583",2,"KEGG_Module"
"M00660",2,"KEGG_Module"
"M00712",2,"KEGG_Module"
"M00762",2,"KEGG_Module"
"M00013",1,"KEGG_Module"
"M00015",1,"KEGG_Module"
"M00024",1,"KEGG_Module"
"M00025",1,"KEGG_Module"
"M00027",1,"KEGG_Module"
"M00032",1,"KEGG_Module"
"M00052",1,"KEGG_Module"
"M00060",1,"KEGG_Module"
"M00081",1,"KEGG_Module"
"M00089",1,"KEGG_Module"
"M00134",1,"KEGG_Module"
"M00149",1,"KEGG_Module"
"M00150",1,"KEGG_Module"
"M00155",1,"KEGG_Module"
"M00158",1,"KEGG_Module"
"M00168",1,"KEGG_Module"
"M00170",1,"KEGG_Module"
"M00171",1,"KEGG_Module"
"M00172",1,"KEGG_Module"
"M00176",1,"KEGG_Module"
"M00188",1,"KEGG_Module"
"M00222",1,"KEGG_Module"
"M00230",1,"KEGG_Module"
"M00234",1,"KEGG_Module"
"M00238",1,"KEGG_Module"
"M00242",1,"KEGG_Module"
"M00265",1,"KEGG_Module"
"M00266",1,"KEGG_Module"
"M00268",1,"KEGG_Module"
"M00269",1,"KEGG_Module"
"M00270",1,"KEGG_Module"
"M00272",1,"KEGG_Module"
"M00274",1,"KEGG_Module"
"M00300",1,"KEGG_Module"
"M00303",1,"KEGG_Module"
"M00331",1,"KEGG_Module"
"M00344",1,"KEGG_Module"
"M00345",1,"KEGG_Module"
"M00351",1,"KEGG_Module"
"M00458",1,"KEGG_Module"
"M00495",1,"KEGG_Module"
"M00509",1,"KEGG_Module"
"M00530",1,"KEGG_Module"
"M00533",1,"KEGG_Module"
"M00534",1,"KEGG_Module"
"M00551",1,"KEGG_Module"
"M00569",1,"KEGG_Module"
"M00581",1,"KEGG_Module"
"M00585",1,"KEGG_Module"
"M00589",1,"KEGG_Module"
"M00610",1,"KEGG_Module"
"M00631",1,"KEGG_Module"
"M00719",1,"KEGG_Module"
"M00734",1,"KEGG_Module"
"M00737",1,"KEGG_Module"
"M00743",1,"KEGG_Module"
"M00806",1,"KEGG_Module"
"M00807",1,"KEGG_Module"
